[
  {
    "model": "telephones.Profile",
    "pk": 1,
    "fields": {
      "first_name": "\u0639\u0628\u0627\u0633",
      "last_name": "\u062f\u0631\u0628 \u0647\u0646\u0632\u064a",
      "gender": "M"
    }
  },
  {
    "model": "telephones.Profile",
    "pk": 2,
    "fields": {
      "first_name": "\u0645\u0631\u062a\u0636\u064a",
      "last_name": "\u0633\u067e\u0647\u0631",
      "gender": "M"
    }
  },
  {
    "model": "telephones.Profile",
    "pk": 3,
    "fields": {
      "first_name": "\u062d\u0645\u064a\u062f",
      "last_name": "\u0643\u0647\u0646\u0648\u062c\u064a",
      "gender": "M"
    }
  },
  {
    "model": "telephones.Profile",
    "pk": 4,
    "fields": {
      "first_name": "\u0645\u062d\u0645\u062f\u0631\u0636\u0627",
      "last_name": "\u062f\u064a\u0627\u0646\u062a\u064a",
      "gender": "M"
    }
  },
  {
    "model": "telephones.Profile",
    "pk": 5,
    "fields": {
      "first_name": "\u0645\u062c\u062a\u0628\u064a",
      "last_name": "\u067e\u0631\u062a\u0648\u064a",
      "gender": "M"
    }
  },
  {
    "model": "telephones.Profile",
    "pk": 6,
    "fields": {
      "first_name": "\u0641\u0627\u0637\u0645\u0647",
      "last_name": "\u0639\u0628\u0627\u0633 \u0622\u0628\u0627\u062f\u064a",
      "gender": "M"
    }
  },
  {
    "model": "telephones.Profile",
    "pk": 7,
    "fields": {
      "first_name": "\u0639\u0644\u064a",
      "last_name": "\u067e\u0648\u0631\u0643\u0627\u0646\u064a",
      "gender": "M"
    }
  },
  {
    "model": "telephones.Profile",
    "pk": 8,
    "fields": {
      "first_name": "\u062f\u0627\u0648\u062f",
      "last_name": "\u0645\u062d\u064a \u0627\u0644\u062f\u064a\u0646\u064a \u0645\u0633\u064a\u0646\u0627\u0646",
      "gender": "M"
    }
  },
  {
    "model": "telephones.Profile",
    "pk": 9,
    "fields": {
      "first_name": "\u0633\u064a\u062f\u0645\u062d\u0645\u062f\u062c\u0648\u0627\u062f",
      "last_name": "\u0631\u0636\u0627\u064a\u064a",
      "gender": "M"
    }
  },
  {
    "model": "telephones.Profile",
    "pk": 10,
    "fields": {
      "first_name": "\u0645\u0635\u0637\u0641\u064a",
      "last_name": "\u062f\u0627\u0646\u0627\u0626\u064a\u0627\u0646",
      "gender": "M"
    }
  },
  {
    "model": "telephones.Profile",
    "pk": 11,
    "fields": {
      "first_name": "\u062d\u0633\u0646",
      "last_name": "\u0647\u0627\u0634\u0645\u064a \u067e\u0648\u0631 \u0631\u0641\u0633\u0646\u062c\u0627\u0646",
      "gender": "M"
    }
  },
  {
    "model": "telephones.Profile",
    "pk": 12,
    "fields": {
      "first_name": "\u0631\u0633\u0648\u0644",
      "last_name": "\u0645\u0639\u0645\u0627\u0631\u0632\u0627\u062f\u0647",
      "gender": "M"
    }
  },
  {
    "model": "telephones.Profile",
    "pk": 13,
    "fields": {
      "first_name": "\u0634\u0627\u0647\u0631\u062e",
      "last_name": "\u0634\u0647\u0631\u064a\u0648\u0631",
      "gender": "M"
    }
  },
  {
    "model": "telephones.Profile",
    "pk": 14,
    "fields": {
      "first_name": "\u0633\u064a\u062f\u0627\u0645\u064a\u0646",
      "last_name": "\u0645\u0648\u0633\u0648\u064a",
      "gender": "M"
    }
  },
  {
    "model": "telephones.Profile",
    "pk": 15,
    "fields": {
      "first_name": "\u0645\u064a\u062b\u0645",
      "last_name": "\u0645\u062d\u0645\u062f\u064a",
      "gender": "M"
    }
  },
  {
    "model": "telephones.Profile",
    "pk": 16,
    "fields": {
      "first_name": "\u0645\u062d\u0645\u062f",
      "last_name": "\u0634\u0641\u064a\u0639\u064a \u062f\u0647\u062c",
      "gender": "M"
    }
  },
  {
    "model": "telephones.Profile",
    "pk": 17,
    "fields": {
      "first_name": "\u0645\u062d\u0645\u062f",
      "last_name": "\u0639\u0644\u0627\u0626\u064a",
      "gender": "M"
    }
  },
  {
    "model": "telephones.Profile",
    "pk": 18,
    "fields": {
      "first_name": "\u0633\u064a\u062f \u0645\u062d\u0645\u062f \u0635\u0627\u062f\u0642",
      "last_name": "\u062d\u0633\u064a\u0646\u064a \u062f\u0627\u0648\u0631\u0627\u0646\u064a",
      "gender": "M"
    }
  },
  {
    "model": "telephones.Profile",
    "pk": 19,
    "fields": {
      "first_name": "\u0645\u062d\u0645\u062f\u062d\u0633\u064a\u0646",
      "last_name": "\u0642\u0644\u064a \u0632\u0627\u062f\u0647",
      "gender": "M"
    }
  },
  {
    "model": "telephones.Profile",
    "pk": 20,
    "fields": {
      "first_name": "\u062d\u0633\u064a\u0646",
      "last_name": "\u0646\u0648\u0631\u064a \u0631\u062d\u0645\u062a \u0627\u0628\u0627\u062f",
      "gender": "M"
    }
  },
  {
    "model": "telephones.Profile",
    "pk": 21,
    "fields": {
      "first_name": "\u0645\u0631\u062a\u0636\u064a",
      "last_name": "\u0622\u064a\u064a\u0646",
      "gender": "M"
    }
  },
  {
    "model": "telephones.Profile",
    "pk": 22,
    "fields": {
      "first_name": "\u062d\u0633\u0646",
      "last_name": "\u0641\u0627\u062a\u062d\u064a \u0645\u0631\u062c",
      "gender": "M"
    }
  },
  {
    "model": "telephones.Profile",
    "pk": 23,
    "fields": {
      "first_name": "\u0645\u064a\u062b\u0645",
      "last_name": "\u064a\u062d\u064a\u064a \u0632\u0627\u062f\u0647",
      "gender": "M"
    }
  },
  {
    "model": "telephones.Profile",
    "pk": 24,
    "fields": {
      "first_name": "\u0639\u0644\u064a",
      "last_name": "\u0641\u064a\u0627\u0636\u064a",
      "gender": "M"
    }
  },
  {
    "model": "telephones.Profile",
    "pk": 25,
    "fields": {
      "first_name": "\u062d\u0633\u064a\u0646",
      "last_name": "\u0642\u064a\u0648\u0645\u064a \u0632\u0627\u062f\u0647",
      "gender": "M"
    }
  },
  {
    "model": "telephones.Profile",
    "pk": 26,
    "fields": {
      "first_name": "\u0639\u0644\u064a\u0631\u0636\u0627",
      "last_name": "\u0637\u0627\u0644\u0628\u064a \u0632\u0627\u062f\u0647 \u0631\u0641\u0633\u0646\u062c\u0627\u0646\u064a",
      "gender": "M"
    }
  },
  {
    "model": "telephones.Profile",
    "pk": 27,
    "fields": {
      "first_name": "\u0645\u062d\u0645\u062f \u0645\u0647\u062f\u064a",
      "last_name": "\u0643\u0627\u0645\u064a\u0627\u0628\u064a",
      "gender": "M"
    }
  },
  {
    "model": "telephones.Profile",
    "pk": 28,
    "fields": {
      "first_name": "\u062d\u0633\u064a\u0646",
      "last_name": "\u0631\u0648\u062d \u0627\u0644\u0644\u0647\u064a",
      "gender": "M"
    }
  },
  {
    "model": "telephones.Profile",
    "pk": 29,
    "fields": {
      "first_name": "\u062d\u062f\u064a\u062b",
      "last_name": "\u0627\u0642\u0628\u0627\u0644\u064a",
      "gender": "F"
    }
  },
  {
    "model": "telephones.Profile",
    "pk": 30,
    "fields": {
      "first_name": "\u0645\u0631\u064a\u0645",
      "last_name": "\u0645\u064a\u0631\u0632\u0627\u064a\u064a \u0627\u0628\u0631\u0627\u0647\u064a\u0645 \u0627\u0628\u0627\u062f",
      "gender": "F"
    }
  },
  {
    "model": "telephones.Profile",
    "pk": 31,
    "fields": {
      "first_name": "\u0633\u064a\u062f \u0635\u0627\u062f\u0642",
      "last_name": "\u0646\u0627\u0635\u0631 \u0639\u0644\u0648\u064a",
      "gender": "M"
    }
  },
  {
    "model": "telephones.Profile",
    "pk": 32,
    "fields": {
      "first_name": "\u0633\u064a\u062f\u0645\u0635\u0637\u0641\u064a",
      "last_name": "\u0645\u0631\u062a\u0636\u0648\u064a \u0645\u0647\u062f\u064a \u0627\u0628\u0627\u062f",
      "gender": "M"
    }
  },
  {
    "model": "telephones.Profile",
    "pk": 33,
    "fields": {
      "first_name": "\u0627\u0645\u064a\u0631\u062d\u0633\u064a\u0646",
      "last_name": "\u0631\u0626\u064a\u0633 \u0632\u0627\u062f\u0647",
      "gender": "M"
    }
  },
  {
    "model": "telephones.Profile",
    "pk": 34,
    "fields": {
      "first_name": "\u0647\u0627\u062f\u064a",
      "last_name": "\u0636\u064a\u0627\u0621\u0627\u0644\u062f\u064a\u0646\u064a",
      "gender": "M"
    }
  },
  {
    "model": "telephones.Profile",
    "pk": 35,
    "fields": {
      "first_name": "\u0627\u0641\u0634\u064a\u0646",
      "last_name": "\u062f\u0631\u0643\u064a",
      "gender": "M"
    }
  },
  {
    "model": "telephones.Profile",
    "pk": 36,
    "fields": {
      "first_name": "\u0627\u062d\u0633\u0627\u0646",
      "last_name": "\u062e\u062c\u0633\u062a\u0647 \u0641\u0631",
      "gender": "M"
    }
  },
  {
    "model": "telephones.Profile",
    "pk": 37,
    "fields": {
      "first_name": "\u0627\u0641\u0634\u064a\u0646",
      "last_name": "\u0627\u064a\u0631\u0627\u0646\u0645\u0646\u0634",
      "gender": "M"
    }
  },
  {
    "model": "telephones.Profile",
    "pk": 38,
    "fields": {
      "first_name": "\u064a\u0627\u0633\u0631",
      "last_name": "\u0634\u0631\u064a\u0641\u064a \u0631\u0633\u062a\u0645 \u0622\u0628\u0627\u062f\u064a",
      "gender": "M"
    }
  },
  {
    "model": "telephones.Profile",
    "pk": 39,
    "fields": {
      "first_name": "\u0645\u0635\u0637\u0641\u064a",
      "last_name": "\u0645\u0634\u0627\u064a\u062e\u064a",
      "gender": "M"
    }
  },
  {
    "model": "telephones.Profile",
    "pk": 40,
    "fields": {
      "first_name": "\u0645\u062c\u064a\u062f",
      "last_name": "\u062f\u0647\u0642\u0627\u0646\u064a",
      "gender": "M"
    }
  },
  {
    "model": "telephones.Profile",
    "pk": 41,
    "fields": {
      "first_name": "\u0633\u064a\u062f \u0645\u062d\u0645\u0648\u062f",
      "last_name": "\u0648\u0627\u0639\u0638\u064a \u0646\u0698\u0627\u062f",
      "gender": "M"
    }
  },
  {
    "model": "telephones.Profile",
    "pk": 42,
    "fields": {
      "first_name": "\u0627\u064a\u0645\u0627\u0646",
      "last_name": "\u0647\u0645\u062a\u064a \u0645\u0642\u062f\u0645",
      "gender": "M"
    }
  },
  {
    "model": "telephones.Profile",
    "pk": 43,
    "fields": {
      "first_name": "\u0641\u0647\u064a\u0645\u0647",
      "last_name": "\u064a\u0632\u062f\u0627\u0646 \u067e\u0646\u0627\u0647 \u0627\u062d\u0645\u062f \u0627\u0628\u0627\u062f\u064a",
      "gender": "F"
    }
  },
  {
    "model": "telephones.Profile",
    "pk": 44,
    "fields": {
      "first_name": "\u0627\u0645\u064a\u0631\u062d\u0633\u064a\u0646",
      "last_name": "\u062d\u0627\u062c \u0627\u062d\u0645\u062f\u064a",
      "gender": "M"
    }
  },
  {
    "model": "telephones.Profile",
    "pk": 45,
    "fields": {
      "first_name": "\u0641\u0647\u064a\u0645\u0647",
      "last_name": "\u062f\u0628\u0627\u063a\u064a \u0632\u0631\u0646\u062f\u064a",
      "gender": "F"
    }
  },
  {
    "model": "telephones.Profile",
    "pk": 46,
    "fields": {
      "first_name": "\u062d\u062c\u062a",
      "last_name": "\u0634\u0631\u064a\u0641\u064a \u0631\u0633\u062a\u0645 \u0622\u0628\u0627\u062f\u064a",
      "gender": "M"
    }
  },
  {
    "model": "telephones.Profile",
    "pk": 47,
    "fields": {
      "first_name": "\u0633\u064a\u062f\u0645\u062c\u062a\u0628\u064a",
      "last_name": "\u0635\u0628\u0627\u063a \u062c\u0639\u0641\u0631\u064a",
      "gender": "M"
    }
  },
  {
    "model": "telephones.Profile",
    "pk": 48,
    "fields": {
      "first_name": "\u0645\u062d\u0645\u062f",
      "last_name": "\u062f\u0647\u0642\u0627\u0646\u064a \u0633\u0631\u064a\u0632\u062f\u064a",
      "gender": "M"
    }
  },
  {
    "model": "telephones.Profile",
    "pk": 49,
    "fields": {
      "first_name": "\u0641\u0627\u0637\u0645\u0647",
      "last_name": "\u067e\u0648\u0631 \u063a\u0644\u0627\u0645\u0639\u0644\u064a",
      "gender": "F"
    }
  },
  {
    "model": "telephones.Profile",
    "pk": 50,
    "fields": {
      "first_name": "\u0645\u0647\u062f\u064a",
      "last_name": "\u0645\u062d\u0645\u062f\u064a",
      "gender": "M"
    }
  },
  {
    "model": "telephones.Profile",
    "pk": 51,
    "fields": {
      "first_name": "\u062d\u0645\u064a\u062f",
      "last_name": "\u0645\u062d\u0645\u062f\u064a",
      "gender": "M"
    }
  },
  {
    "model": "telephones.Profile",
    "pk": 52,
    "fields": {
      "first_name": "\u0639\u0628\u0627\u0633",
      "last_name": "\u067e\u0627\u0631\u0633\u0627\u067e\u0648\u0631",
      "gender": "M"
    }
  },
  {
    "model": "telephones.Profile",
    "pk": 53,
    "fields": {
      "first_name": "\u0645\u0635\u0637\u0641\u064a",
      "last_name": "\u0645\u0627\u0644\u0643\u064a \u0645\u0642\u062f\u0645",
      "gender": "M"
    }
  },
  {
    "model": "telephones.Profile",
    "pk": 54,
    "fields": {
      "first_name": "\u0633\u0639\u064a\u062f",
      "last_name": "\u0632\u0646\u062f\u0648\u0643\u064a\u0644\u064a",
      "gender": "M"
    }
  },
  {
    "model": "telephones.Profile",
    "pk": 55,
    "fields": {
      "first_name": "\u0647\u0627\u062f\u064a",
      "last_name": "\u0634\u0647\u0631\u064a\u0627\u0631\u064a",
      "gender": "M"
    }
  },
  {
    "model": "telephones.Profile",
    "pk": 56,
    "fields": {
      "first_name": "\u0645\u062d\u0633\u0646",
      "last_name": "\u0645\u064a\u0631\u0632\u0627\u064a\u064a",
      "gender": "M"
    }
  },
  {
    "model": "telephones.Profile",
    "pk": 57,
    "fields": {
      "first_name": "\u062d\u0633\u0646",
      "last_name": "\u062d\u0627\u062c \u0639\u0628\u062f\u0627\u0644\u0644\u0647\u064a",
      "gender": "M"
    }
  },
  {
    "model": "telephones.Profile",
    "pk": 58,
    "fields": {
      "first_name": "\u0627\u0628\u0648\u0644\u0641\u0636\u0644",
      "last_name": "\u0634\u0647\u0627\u0628 \u0627\u0644\u062f\u064a\u0646\u064a",
      "gender": "M"
    }
  },
  {
    "model": "telephones.Profile",
    "pk": 59,
    "fields": {
      "first_name": "\u0645\u062d\u0645\u062f",
      "last_name": "\u062d\u0627\u062c \u062d\u0633\u064a\u0646\u064a",
      "gender": "M"
    }
  },
  {
    "model": "telephones.Profile",
    "pk": 60,
    "fields": {
      "first_name": "\u0633\u062c\u0627\u062f",
      "last_name": "\u0635\u064a\u0641\u0648\u0631\u064a",
      "gender": "M"
    }
  },
  {
    "model": "telephones.Profile",
    "pk": 61,
    "fields": {
      "first_name": "\u0639\u0644\u064a\u0631\u0636\u0627",
      "last_name": "\u0639\u0631\u0628 \u0633\u0644\u063a\u0627\u0631",
      "gender": "M"
    }
  },
  {
    "model": "telephones.Profile",
    "pk": 62,
    "fields": {
      "first_name": "\u0631\u0633\u0648\u0644",
      "last_name": "\u062c\u0647\u0631\u0645\u064a \u0639\u0644\u064a \u0622\u0628\u0627\u062f",
      "gender": "M"
    }
  },
  {
    "model": "telephones.Profile",
    "pk": 63,
    "fields": {
      "first_name": "\u067e\u0648\u0631\u064a\u0627",
      "last_name": "\u0645\u0639\u064a\u0646 \u0632\u0627\u062f\u0647",
      "gender": "M"
    }
  },
  {
    "model": "telephones.Profile",
    "pk": 64,
    "fields": {
      "first_name": "\u0639\u0628\u062f\u0627\u0644\u0631\u0636\u0627",
      "last_name": "\u0639\u0633\u0643\u0631\u064a\u0627\u0646 \u067e\u0648\u0631 \u062f\u0627\u0648\u0631\u0627\u0646",
      "gender": "M"
    }
  }
]