[
  {
    "model": "telephones.PositionType",
    "pk": 1,
    "fields": {
      "title": "\u06a9\u0627\u0631\u0634\u0646\u0627\u0633 \u0628\u0631\u0646\u0627\u0645\u0647 \u0631\u06cc\u0632\u06cc \u0622\u0645\u0648\u0632\u0634\u06cc",
      "code": 1,
      "level": 0
    }
  },
  {
    "model": "telephones.PositionType",
    "pk": 2,
    "fields": {
      "title": "\u06a9\u0627\u0631\u0634\u0646\u0627\u0633 \u0645\u0633\u0626\u0648\u0644",
      "code": 2,
      "level": 0
    }
  },
  {
    "model": "telephones.PositionType",
    "pk": 3,
    "fields": {
      "title": "\u0645\u0633\u0626\u0648\u0644 \u062f\u0641\u062a\u0631",
      "code": 3,
      "level": 0
    }
  },
  {
    "model": "telephones.PositionType",
    "pk": 4,
    "fields": {
      "title": "\u0645\u0639\u0627\u0648\u0646 \u0645\u062f\u06cc\u0631 (**)",
      "code": 4,
      "level": 0
    }
  },
  {
    "model": "telephones.PositionType",
    "pk": 5,
    "fields": {
      "title": "\u06a9\u0627\u0631\u0634\u0646\u0627\u0633 \u062e\u062f\u0645\u0627\u062a \u0622\u0645\u0648\u0632\u0634\u06cc",
      "code": 5,
      "level": 0
    }
  },
  {
    "model": "telephones.PositionType",
    "pk": 6,
    "fields": {
      "title": "\u0631\u06cc\u06cc\u0633 \u0627\u062f\u0627\u0631\u0647 \u062f\u0627\u0646\u0634 \u0622\u0645\u0648\u062e\u062a\u06af\u0627\u0646 \u0648 \u0645\u0634\u0645\u0648\u0644\u06cc\u0646",
      "code": 6,
      "level": 0
    }
  },
  {
    "model": "telephones.PositionType",
    "pk": 7,
    "fields": {
      "title": "\u06a9\u0627\u0631\u0634\u0646\u0627\u0633",
      "code": 7,
      "level": 0
    }
  },
  {
    "model": "telephones.PositionType",
    "pk": 8,
    "fields": {
      "title": "\u0631\u06cc\u06cc\u0633 \u0627\u062f\u0627\u0631\u0647 \u0627\u0645\u062a\u062d\u0627\u0646\u0627\u062a \u0648 \u0622\u0632\u0645\u0648\u0646\u0647\u0627",
      "code": 8,
      "level": 0
    }
  },
  {
    "model": "telephones.PositionType",
    "pk": 9,
    "fields": {
      "title": "\u0631\u06cc\u06cc\u0633 \u0627\u062f\u0627\u0631\u0647 \u067e\u0630\u06cc\u0631\u0634 \u0648 \u062b\u0628\u062a \u0646\u0627\u0645 \u0633\u0648\u0627\u0628\u0642 \u062a\u062d\u0635\u06cc\u0644\u06cc",
      "code": 9,
      "level": 0
    }
  },
  {
    "model": "telephones.PositionType",
    "pk": 10,
    "fields": {
      "title": "\u0631\u06cc\u06cc\u0633 \u0627\u062f\u0627\u0631\u0647",
      "code": 10,
      "level": 0
    }
  },
  {
    "model": "telephones.PositionType",
    "pk": 11,
    "fields": {
      "title": "\u0645\u062a\u0635\u062f\u06cc \u062e\u062f\u0645\u0627\u062a \u0639\u0645\u0648\u0645\u06cc",
      "code": 11,
      "level": 0
    }
  },
  {
    "model": "telephones.PositionType",
    "pk": 12,
    "fields": {
      "title": "\u0639\u0636\u0648 \u0647\u06cc\u0626\u062a\u200c\u0639\u0644\u0645\u06cc",
      "code": 12,
      "level": 0
    }
  },
  {
    "model": "telephones.PositionType",
    "pk": 13,
    "fields": {
      "title": "\u06a9\u0627\u0631\u0634\u0646\u0627\u0633 \u0622\u0632\u0645\u0627\u06cc\u0634\u06af\u0627\u0647",
      "code": 13,
      "level": 0
    }
  },
  {
    "model": "telephones.PositionType",
    "pk": 14,
    "fields": {
      "title": "\u06a9\u0627\u0631\u0634\u0646\u0627\u0633",
      "code": 14,
      "level": 0
    }
  },
  {
    "model": "telephones.PositionType",
    "pk": 15,
    "fields": {
      "title": "\u0639\u0636\u0648 \u0647\u06cc\u0626\u062a\u200c\u0645\u062f\u06cc\u0631\u0647",
      "code": 15,
      "level": 0
    }
  },
  {
    "model": "telephones.PositionType",
    "pk": 16,
    "fields": {
      "title": "\u0645\u062a\u0635\u062f\u06cc \u0627\u0645\u0648\u0631 \u062f\u0641\u062a\u0631\u06cc",
      "code": 16,
      "level": 0
    }
  },
  {
    "model": "telephones.PositionType",
    "pk": 17,
    "fields": {
      "title": "\u0631\u06cc\u06cc\u0633 (**)",
      "code": 17,
      "level": 0
    }
  },
  {
    "model": "telephones.PositionType",
    "pk": 18,
    "fields": {
      "title": "\u0631\u06cc\u06cc\u0633 \u062f\u0628\u06cc\u0631\u062e\u0627\u0646\u0647 (**)",
      "code": 18,
      "level": 0
    }
  },
  {
    "model": "telephones.PositionType",
    "pk": 19,
    "fields": {
      "title": "\u0631\u06cc\u06cc\u0633 \u06af\u0631\u0648\u0647 (**)",
      "code": 19,
      "level": 0
    }
  },
  {
    "model": "telephones.PositionType",
    "pk": 20,
    "fields": {
      "title": "\u06a9\u0627\u0631\u0634\u0646\u0627\u0633 \u062d\u0642\u0648\u0642\u06cc",
      "code": 20,
      "level": 0
    }
  },
  {
    "model": "telephones.PositionType",
    "pk": 21,
    "fields": {
      "title": "\u0645\u0639\u0627\u0648\u0646 \u0645\u062f\u06cc\u0631",
      "code": 21,
      "level": 0
    }
  },
  {
    "model": "telephones.PositionType",
    "pk": 22,
    "fields": {
      "title": "\u0645\u062f\u06cc\u0631 (**)",
      "code": 22,
      "level": 0
    }
  },
  {
    "model": "telephones.PositionType",
    "pk": 23,
    "fields": {
      "title": "\u06a9\u0627\u0631\u0634\u0646\u0627\u0633 \u0644\u0627\u0628\u0631\u0627\u062a\u0648\u0631 \u0632\u0628\u0627\u0646",
      "code": 23,
      "level": 0
    }
  },
  {
    "model": "telephones.PositionType",
    "pk": 24,
    "fields": {
      "title": "\u0646\u06af\u0647\u0628\u0627\u0646",
      "code": 24,
      "level": 0
    }
  },
  {
    "model": "telephones.PositionType",
    "pk": 25,
    "fields": {
      "title": "\u0646\u06af\u0647\u0628\u0627\u0646",
      "code": 25,
      "level": 0
    }
  },
  {
    "model": "telephones.PositionType",
    "pk": 26,
    "fields": {
      "title": "\u06a9\u0627\u0631\u0634\u0646\u0627\u0633 \u0647\u0631\u0628\u0627\u0631\u06cc\u0648\u0645",
      "code": 26,
      "level": 0
    }
  },
  {
    "model": "telephones.PositionType",
    "pk": 27,
    "fields": {
      "title": "\u06a9\u0627\u0631\u0634\u0646\u0627\u0633 \u0645\u0627\u0634\u06cc\u0646 \u0622\u0644\u0627\u062a \u06a9\u0634\u0627\u0648\u0631\u0632\u06cc",
      "code": 27,
      "level": 0
    }
  },
  {
    "model": "telephones.PositionType",
    "pk": 28,
    "fields": {
      "title": "\u06a9\u0627\u0631\u0634\u0646\u0627\u0633 \u06af\u06cc\u0627\u0647\u067e\u0632\u0634\u06a9\u06cc",
      "code": 28,
      "level": 0
    }
  },
  {
    "model": "telephones.PositionType",
    "pk": 29,
    "fields": {
      "title": "\u06a9\u0627\u0631\u0634\u0646\u0627\u0633 \u0628\u0627\u063a\u0628\u0627\u0646\u06cc",
      "code": 29,
      "level": 0
    }
  },
  {
    "model": "telephones.PositionType",
    "pk": 30,
    "fields": {
      "title": "\u06a9\u0627\u0631\u0634\u0646\u0627\u0633 \u0698\u0646\u062a\u06cc\u06a9",
      "code": 30,
      "level": 0
    }
  },
  {
    "model": "telephones.PositionType",
    "pk": 31,
    "fields": {
      "title": "\u06a9\u0627\u0631\u0634\u0646\u0627\u0633 \u062e\u0627\u06a9 \u0634\u0646\u0627\u0633\u06cc",
      "code": 31,
      "level": 0
    }
  },
  {
    "model": "telephones.PositionType",
    "pk": 32,
    "fields": {
      "title": "\u0631\u06cc\u06cc\u0633 \u0645\u0632\u0631\u0639\u0647 \u0622\u0645\u0648\u0632\u0634\u06cc (**)",
      "code": 32,
      "level": 0
    }
  },
  {
    "model": "telephones.PositionType",
    "pk": 33,
    "fields": {
      "title": "\u0639\u0636\u0648 \u0647\u06cc\u0626\u062a\u200c\u0639\u0644\u0645\u06cc",
      "code": 33,
      "level": 0
    }
  },
  {
    "model": "telephones.PositionType",
    "pk": 34,
    "fields": {
      "title": "\u0631\u06cc\u06cc\u0633 \u0627\u062f\u0627\u0631\u0647 \u0641\u0636\u0627\u06cc \u0633\u0628\u0632 \u0648 \u0632\u06cc\u0628\u0627\u0633\u0627\u0632\u06cc",
      "code": 34,
      "level": 0
    }
  },
  {
    "model": "telephones.PositionType",
    "pk": 35,
    "fields": {
      "title": "\u0631\u06cc\u06cc\u0633 \u0627\u062f\u0627\u0631\u0647 \u062a\u0639\u0645\u06cc\u0631 \u0648 \u0646\u06af\u0647\u062f\u0627\u0631\u06cc",
      "code": 35,
      "level": 0
    }
  },
  {
    "model": "telephones.PositionType",
    "pk": 36,
    "fields": {
      "title": "\u06a9\u0627\u0631\u062f\u0627\u0646 \u0631\u0627\u0647 \u0648 \u0633\u0627\u062e\u062a\u0645\u0627\u0646",
      "code": 36,
      "level": 0
    }
  },
  {
    "model": "telephones.PositionType",
    "pk": 37,
    "fields": {
      "title": "\u0631\u06cc\u06cc\u0633 \u0627\u062f\u0627\u0631\u0647 \u0646\u0638\u0627\u0631\u062a \u0648 \u0627\u0631\u0632\u06cc\u0627\u0628\u06cc \u0641\u06cc\u0632\u06cc\u06a9\u06cc \u0637\u0631\u062d \u0647\u0627\u06cc \u0639\u0645\u0631\u0627\u0646\u06cc",
      "code": 37,
      "level": 0
    }
  },
  {
    "model": "telephones.PositionType",
    "pk": 38,
    "fields": {
      "title": "\u06a9\u0627\u0631\u0634\u0646\u0627\u0633 \u0646\u0627\u0638\u0631",
      "code": 38,
      "level": 0
    }
  },
  {
    "model": "telephones.PositionType",
    "pk": 39,
    "fields": {
      "title": "\u06a9\u0627\u0631\u0634\u0646\u0627\u0633 \u0646\u0627\u0638\u0631 (\u0645\u0647\u0646\u062f\u0633 \u0631\u0627\u0647 \u0648 \u0633\u0627\u062e\u062a\u0645\u0627\u0646)",
      "code": 39,
      "level": 0
    }
  },
  {
    "model": "telephones.PositionType",
    "pk": 40,
    "fields": {
      "title": "\u0631\u06cc\u06cc\u0633 \u0627\u062f\u0627\u0631\u0647 \u062a\u0648\u0633\u0639\u0647 \u0637\u0631\u062d \u0647\u0627\u06cc \u0639\u0645\u0631\u0627\u0646\u06cc",
      "code": 40,
      "level": 0
    }
  },
  {
    "model": "telephones.PositionType",
    "pk": 41,
    "fields": {
      "title": "\u0645\u0633\u0626\u0648\u0644 \u06af\u0632\u06cc\u0646\u0634",
      "code": 41,
      "level": 0
    }
  },
  {
    "model": "telephones.PositionType",
    "pk": 42,
    "fields": {
      "title": "\u062d\u0633\u0627\u0628\u062f\u0627\u0631",
      "code": 42,
      "level": 0
    }
  },
  {
    "model": "telephones.PositionType",
    "pk": 43,
    "fields": {
      "title": "\u062d\u0633\u0627\u0628\u062f\u0627\u0631 \u0645\u0633\u0648\u0648\u0644",
      "code": 43,
      "level": 0
    }
  },
  {
    "model": "telephones.PositionType",
    "pk": 44,
    "fields": {
      "title": "\u0631\u06cc\u06cc\u0633 \u0627\u062f\u0627\u0631\u0647 \u0631\u0633\u06cc\u062f\u06af\u06cc \u0628\u0647 \u0627\u0633\u0646\u0627\u062f",
      "code": 44,
      "level": 0
    }
  },
  {
    "model": "telephones.PositionType",
    "pk": 45,
    "fields": {
      "title": "\u062c\u0645\u0639\u062f\u0627\u0631 \u0648 \u0627\u0645\u06cc\u0646 \u0627\u0645\u0648\u0627\u0644",
      "code": 45,
      "level": 0
    }
  },
  {
    "model": "telephones.PositionType",
    "pk": 46,
    "fields": {
      "title": "\u062d\u0633\u0627\u0628\u062f\u0627\u0631 (\u0627\u0645\u06cc\u0646 \u0627\u0645\u0648\u0627\u0644)",
      "code": 46,
      "level": 0
    }
  },
  {
    "model": "telephones.PositionType",
    "pk": 47,
    "fields": {
      "title": "\u06a9\u0627\u0631\u0634\u0646\u0627\u0633 \u0627\u0645\u0648\u0631 \u0645\u0627\u0644\u06cc",
      "code": 47,
      "level": 0
    }
  },
  {
    "model": "telephones.PositionType",
    "pk": 48,
    "fields": {
      "title": "\u0631\u06cc\u06cc\u0633 \u0627\u062f\u0627\u0631\u0647 \u062f\u0641\u062a\u0631\u062f\u0627\u0631\u06cc \u0648 \u0627\u0645\u0648\u0627\u0644",
      "code": 48,
      "level": 0
    }
  },
  {
    "model": "telephones.PositionType",
    "pk": 49,
    "fields": {
      "title": "\u06a9\u0627\u0631\u0634\u0646\u0627\u0633 \u0645\u0633\u0626\u0648\u0644 \u0627\u0645\u0648\u0631 \u0645\u0627\u0644\u06cc",
      "code": 49,
      "level": 0
    }
  },
  {
    "model": "telephones.PositionType",
    "pk": 50,
    "fields": {
      "title": "\u0631\u06cc\u06cc\u0633 \u0627\u062f\u0627\u0631\u0647 \u0627\u0639\u062a\u0628\u0627\u0631\u0627\u062a\u060c \u062a\u0639\u0647\u062f\u0627\u062a \u0648 \u062f\u0631\u0622\u0645\u062f\u0647\u0627",
      "code": 50,
      "level": 0
    }
  },
  {
    "model": "telephones.PositionType",
    "pk": 51,
    "fields": {
      "title": "\u0631\u06cc\u06cc\u0633 \u0627\u062f\u0627\u0631\u0647 \u062f\u0631\u06cc\u0627\u0641\u062a \u0648 \u067e\u0631\u062f\u0627\u062e\u062a",
      "code": 51,
      "level": 0
    }
  },
  {
    "model": "telephones.PositionType",
    "pk": 52,
    "fields": {
      "title": "\u062d\u0633\u0627\u0628\u062f\u0627\u0631 \u062f\u0627\u0646\u0634\u06a9\u062f\u0647",
      "code": 52,
      "level": 0
    }
  },
  {
    "model": "telephones.PositionType",
    "pk": 53,
    "fields": {
      "title": "\u06a9\u0627\u0631\u0634\u0646\u0627\u0633 \u062d\u0631\u0627\u0633\u062a",
      "code": 53,
      "level": 0
    }
  },
  {
    "model": "telephones.PositionType",
    "pk": 54,
    "fields": {
      "title": "\u062d\u0633\u0627\u0628\u062f\u0627\u0631 \u0637\u0631\u062d \u0647\u0627\u06cc \u0639\u0645\u0631\u0627\u0646\u06cc",
      "code": 54,
      "level": 0
    }
  },
  {
    "model": "telephones.PositionType",
    "pk": 55,
    "fields": {
      "title": "\u0645\u062f\u06cc\u0631",
      "code": 55,
      "level": 0
    }
  },
  {
    "model": "telephones.PositionType",
    "pk": 56,
    "fields": {
      "title": "\u0631\u06cc\u06cc\u0633 \u0627\u062f\u0627\u0631\u0647 \u0631\u0641\u0627\u0647",
      "code": 56,
      "level": 0
    }
  },
  {
    "model": "telephones.PositionType",
    "pk": 57,
    "fields": {
      "title": "\u0627\u0646\u0628\u0627\u0631\u062f\u0627\u0631",
      "code": 57,
      "level": 0
    }
  },
  {
    "model": "telephones.PositionType",
    "pk": 58,
    "fields": {
      "title": "\u0631\u06cc\u06cc\u0633 \u0627\u062f\u0627\u0631\u0647 \u0627\u0646\u0628\u0627\u0631 \u0645\u0631\u06a9\u0632\u06cc",
      "code": 58,
      "level": 0
    }
  },
  {
    "model": "telephones.PositionType",
    "pk": 59,
    "fields": {
      "title": "\u062a\u0644\u0641\u0646\u200c\u0686\u06cc",
      "code": 59,
      "level": 0
    }
  },
  {
    "model": "telephones.PositionType",
    "pk": 60,
    "fields": {
      "title": "\u06a9\u0627\u0631\u067e\u0631\u062f\u0627\u0632",
      "code": 60,
      "level": 0
    }
  },
  {
    "model": "telephones.PositionType",
    "pk": 61,
    "fields": {
      "title": "\u06a9\u0627\u0631\u062f\u0627\u0646 \u0627\u0645\u0648\u0631 \u0639\u0645\u0648\u0645\u06cc",
      "code": 61,
      "level": 0
    }
  },
  {
    "model": "telephones.PositionType",
    "pk": 62,
    "fields": {
      "title": "\u0645\u0633\u0626\u0648\u0644 \u06a9\u0627\u0631\u06af\u0632\u06cc\u0646\u06cc (\u0627\u0639\u0636\u0627\u06cc \u063a\u06cc\u0631 \u0647\u06cc\u0623\u062a \u0639\u0644\u0645\u06cc)",
      "code": 62,
      "level": 0
    }
  },
  {
    "model": "telephones.PositionType",
    "pk": 63,
    "fields": {
      "title": "\u0645\u0633\u0626\u0648\u0644 \u06a9\u0627\u0631\u06af\u0632\u06cc\u0646\u06cc (\u0627\u0639\u0636\u0627\u06cc \u0647\u06cc\u0623\u062a \u0639\u0644\u0645\u06cc)",
      "code": 63,
      "level": 0
    }
  },
  {
    "model": "telephones.PositionType",
    "pk": 64,
    "fields": {
      "title": "\u06a9\u0627\u0631\u0634\u0646\u0627\u0633 \u0627\u0633\u062a\u062e\u062f\u0627\u0645 \u0648 \u062a\u0631\u0641\u06cc\u0639\u0627\u062a",
      "code": 64,
      "level": 0
    }
  },
  {
    "model": "telephones.PositionType",
    "pk": 65,
    "fields": {
      "title": "\u06a9\u0627\u0631\u0634\u0646\u0627\u0633 \u0627\u0645\u0648\u0631 \u0628\u0627\u0632\u0646\u0634\u0633\u062a\u06af\u06cc",
      "code": 65,
      "level": 0
    }
  },
  {
    "model": "telephones.PositionType",
    "pk": 66,
    "fields": {
      "title": "\u0631\u06cc\u06cc\u0633 \u06af\u0631\u0648\u0647",
      "code": 66,
      "level": 0
    }
  },
  {
    "model": "telephones.PositionType",
    "pk": 67,
    "fields": {
      "title": "\u06a9\u0627\u0631\u0634\u0646\u0627\u0633 \u0622\u0645\u0627\u0631",
      "code": 67,
      "level": 0
    }
  },
  {
    "model": "telephones.PositionType",
    "pk": 68,
    "fields": {
      "title": "\u06a9\u0627\u0631\u0634\u0646\u0627\u0633 \u062a\u0634\u06a9\u0644\u0627\u062a \u0648 \u0637\u0628\u0642\u0647 \u0628\u0646\u062f\u06cc",
      "code": 68,
      "level": 0
    }
  },
  {
    "model": "telephones.PositionType",
    "pk": 69,
    "fields": {
      "title": "\u0631\u06cc\u06cc\u0633 \u0627\u062f\u0627\u0631\u0647 \u0622\u0645\u0648\u0632\u0634 \u06a9\u0627\u0631\u06a9\u0646\u0627\u0646",
      "code": 69,
      "level": 0
    }
  },
  {
    "model": "telephones.PositionType",
    "pk": 70,
    "fields": {
      "title": "\u0631\u06cc\u06cc\u0633 \u06af\u0631\u0648\u0647 \u062d\u0645\u0627\u06cc\u062a \u0648 \u067e\u0634\u062a\u06cc\u0628\u0627\u0646\u06cc \u0627\u062c\u062a\u0645\u0627\u0639\u06cc",
      "code": 70,
      "level": 0
    }
  },
  {
    "model": "telephones.PositionType",
    "pk": 71,
    "fields": {
      "title": "\u0631\u06cc\u06cc\u0633 \u0627\u062f\u0627\u0631\u0647 \u0627\u0645\u0648\u0631 \u062a\u0634\u06a9\u0644\u0647\u0627 \u0648 \u0627\u0646\u062c\u0645\u0646 \u0647\u0627\u06cc \u062f\u0627\u0646\u0634\u062c\u0648\u06cc\u06cc",
      "code": 71,
      "level": 0
    }
  },
  {
    "model": "telephones.PositionType",
    "pk": 72,
    "fields": {
      "title": "\u0631\u06cc\u06cc\u0633 \u06af\u0631\u0648\u0647 \u0628\u0631\u0646\u0627\u0645\u0647 \u0631\u06cc\u0632\u06cc \u0641\u0631\u0647\u0646\u06af\u06cc",
      "code": 72,
      "level": 0
    }
  },
  {
    "model": "telephones.PositionType",
    "pk": 73,
    "fields": {
      "title": "\u06a9\u0627\u0631\u0634\u0646\u0627\u0633 \u0627\u0645\u0648\u0631 \u0645\u0634\u0627\u0648\u0631\u0647 \u0648 \u0631\u0648\u0627\u0646 \u0634\u0646\u0627\u062e\u062a\u06cc",
      "code": 73,
      "level": 0
    }
  },
  {
    "model": "telephones.PositionType",
    "pk": 74,
    "fields": {
      "title": "\u06a9\u0627\u0631\u0634\u0646\u0627\u0633 \u0628\u0647\u062f\u0627\u0634\u062a \u0648 \u062f\u0631\u0645\u0627\u0646",
      "code": 74,
      "level": 0
    }
  },
  {
    "model": "telephones.PositionType",
    "pk": 75,
    "fields": {
      "title": "\u06a9\u0627\u0631\u0634\u0646\u0627\u0633 \u0628\u0647\u062f\u0627\u0634\u062a \u0645\u062d\u06cc\u0637",
      "code": 75,
      "level": 0
    }
  },
  {
    "model": "telephones.PositionType",
    "pk": 76,
    "fields": {
      "title": "\u0645\u0639\u0627\u0648\u0646 \u0645\u0631\u06a9\u0632 \u0628\u0647\u062f\u0627\u0634\u062a\u060c \u062f\u0631\u0645\u0627\u0646 \u0648 \u0645\u0634\u0627\u0648\u0631\u0647 \u062f\u0627\u0646\u0634\u062c\u0648\u06cc\u06cc",
      "code": 76,
      "level": 0
    }
  },
  {
    "model": "telephones.PositionType",
    "pk": 77,
    "fields": {
      "title": "\u0631\u06cc\u06cc\u0633 \u0645\u0631\u06a9\u0632 (**)",
      "code": 77,
      "level": 0
    }
  },
  {
    "model": "telephones.PositionType",
    "pk": 78,
    "fields": {
      "title": "\u06a9\u0627\u0631\u0634\u0646\u0627\u0633 \u0645\u0633\u0626\u0648\u0644 \u062a\u0631\u0628\u06cc\u062a \u0628\u062f\u0646\u06cc \u0628\u0631\u0627\u062f\u0631\u0627\u0646",
      "code": 78,
      "level": 0
    }
  },
  {
    "model": "telephones.PositionType",
    "pk": 79,
    "fields": {
      "title": "\u06a9\u0627\u0631\u0634\u0646\u0627\u0633 \u0645\u0633\u0626\u0648\u0644 \u062a\u0631\u0628\u06cc\u062a \u0628\u062f\u0646\u06cc \u062e\u0648\u0627\u0647\u0631\u0627\u0646",
      "code": 79,
      "level": 0
    }
  },
  {
    "model": "telephones.PositionType",
    "pk": 80,
    "fields": {
      "title": "\u0631\u06cc\u06cc\u0633 \u0627\u062f\u0627\u0631\u0647 \u0627\u0646\u0628\u0627\u0631 \u0645\u0648\u0627\u062f \u063a\u0630\u0627\u06cc\u06cc",
      "code": 80,
      "level": 0
    }
  },
  {
    "model": "telephones.PositionType",
    "pk": 81,
    "fields": {
      "title": "\u06a9\u0627\u0631\u0634\u0646\u0627\u0633 \u0627\u0645\u0648\u0631 \u062e\u0648\u0627\u0628\u06af\u0627\u0647 \u0647\u0627 (\u0628\u0631\u0627\u062f\u0631\u0627\u0646)",
      "code": 81,
      "level": 0
    }
  },
  {
    "model": "telephones.PositionType",
    "pk": 82,
    "fields": {
      "title": "\u06a9\u0627\u0631\u0634\u0646\u0627\u0633 \u0645\u0633\u0626\u0648\u0644 \u062e\u0648\u0627\u0628\u06af\u0627\u0647 \u0647\u0627 (\u0628\u0631\u0627\u062f\u0631\u0627\u0646)",
      "code": 82,
      "level": 0
    }
  },
  {
    "model": "telephones.PositionType",
    "pk": 83,
    "fields": {
      "title": "\u06a9\u0627\u0631\u0634\u0646\u0627\u0633 \u0627\u0645\u0648\u0631 \u062e\u0648\u0627\u0628\u06af\u0627\u0647 \u0647\u0627 (\u062e\u0648\u0627\u0647\u0631\u0627\u0646)",
      "code": 83,
      "level": 0
    }
  },
  {
    "model": "telephones.PositionType",
    "pk": 84,
    "fields": {
      "title": "\u06a9\u0627\u0631\u0634\u0646\u0627\u0633 \u0645\u0633\u0626\u0648\u0644 \u0627\u0645\u0648\u0631 \u062e\u0648\u0627\u0628\u06af\u0627\u0647 \u0647\u0627 (\u062e\u0648\u0627\u0647\u0631\u0627\u0646)",
      "code": 84,
      "level": 0
    }
  },
  {
    "model": "telephones.PositionType",
    "pk": 85,
    "fields": {
      "title": "\u0631\u06cc\u06cc\u0633 \u0627\u062f\u0627\u0631\u0647 \u0627\u0645\u0648\u0631 \u062e\u0648\u0627\u0628\u06af\u0627\u0647 \u0647\u0627",
      "code": 85,
      "level": 0
    }
  },
  {
    "model": "telephones.PositionType",
    "pk": 86,
    "fields": {
      "title": "\u06a9\u0627\u0631\u0634\u0646\u0627\u0633 \u0627\u0645\u0648\u0631 \u0631\u0641\u0627\u0647\u06cc",
      "code": 86,
      "level": 0
    }
  },
  {
    "model": "telephones.PositionType",
    "pk": 87,
    "fields": {
      "title": "\u0631\u06cc\u06cc\u0633 \u0627\u062f\u0627\u0631\u0647 \u0627\u0645\u0648\u0631 \u0631\u0641\u0627\u0647 \u0648 \u062a\u0633\u0647\u06cc\u0644\u0627\u062a \u062f\u0627\u0646\u0634\u062c\u0648\u06cc\u06cc",
      "code": 87,
      "level": 0
    }
  },
  {
    "model": "telephones.PositionType",
    "pk": 88,
    "fields": {
      "title": "\u06a9\u0627\u0631\u0634\u0646\u0627\u0633 \u0633\u06cc\u0633\u062a\u0645 \u0627\u062a\u0648\u0645\u0627\u0633\u06cc\u0648\u0646 \u062a\u063a\u0630\u06cc\u0647",
      "code": 88,
      "level": 0
    }
  },
  {
    "model": "telephones.PositionType",
    "pk": 89,
    "fields": {
      "title": "\u06a9\u0627\u0631\u0634\u0646\u0627\u0633 \u062a\u063a\u0630\u06cc\u0647",
      "code": 89,
      "level": 0
    }
  },
  {
    "model": "telephones.PositionType",
    "pk": 90,
    "fields": {
      "title": "\u06a9\u0627\u0631\u0634\u0646\u0627\u0633 \u0645\u0633\u0626\u0648\u0644 \u062a\u063a\u0630\u06cc\u0647",
      "code": 90,
      "level": 0
    }
  },
  {
    "model": "telephones.PositionType",
    "pk": 91,
    "fields": {
      "title": "\u0631\u06cc\u06cc\u0633 \u0627\u062f\u0627\u0631\u0647 \u0627\u0645\u0648\u0631 \u062a\u063a\u0630\u06cc\u0647",
      "code": 91,
      "level": 0
    }
  },
  {
    "model": "telephones.PositionType",
    "pk": 92,
    "fields": {
      "title": "\u0645\u0639\u0627\u0648\u0646 \u0645\u062f\u06cc\u0631 \u0627\u0645\u0648\u0631 \u062f\u0627\u0646\u0634\u062c\u0648\u06cc\u06cc",
      "code": 92,
      "level": 0
    }
  },
  {
    "model": "telephones.PositionType",
    "pk": 93,
    "fields": {
      "title": "\u06a9\u0627\u0631\u0634\u0646\u0627\u0633 \u0627\u0645\u0648\u0631 \u06a9\u0645\u06cc\u062a\u0647 \u0627\u0646\u0636\u0628\u0627\u0637\u06cc",
      "code": 93,
      "level": 0
    }
  },
  {
    "model": "telephones.PositionType",
    "pk": 94,
    "fields": {
      "title": "\u06a9\u0627\u0631\u0634\u0646\u0627\u0633 \u0627\u0631\u062a\u0628\u0627\u0637 \u062e\u0627\u0646\u0648\u0627\u062f\u0647 \u0628\u0627 \u062f\u0627\u0646\u0634\u06af\u0627\u0647",
      "code": 94,
      "level": 0
    }
  },
  {
    "model": "telephones.PositionType",
    "pk": 95,
    "fields": {
      "title": "\u0645\u0639\u0627\u0648\u0646 \u0645\u0631\u06a9\u0632",
      "code": 95,
      "level": 0
    }
  },
  {
    "model": "telephones.PositionType",
    "pk": 96,
    "fields": {
      "title": "\u0645\u062f\u06cc\u0631 \u0645\u0631\u06a9\u0632 (**)",
      "code": 96,
      "level": 0
    }
  },
  {
    "model": "telephones.PositionType",
    "pk": 97,
    "fields": {
      "title": "\u062a\u06a9\u0646\u0633\u06cc\u0646 \u0622\u0632\u0645\u0627\u06cc\u0634\u06af\u0627\u0647",
      "code": 97,
      "level": 0
    }
  },
  {
    "model": "telephones.PositionType",
    "pk": 98,
    "fields": {
      "title": "\u06a9\u0627\u0631\u0634\u0646\u0627\u0633 \u0622\u0632\u0645\u0627\u06cc\u0634\u06af\u0627\u0647 \u0644\u06cc\u0632\u0631",
      "code": 98,
      "level": 0
    }
  },
  {
    "model": "telephones.PositionType",
    "pk": 99,
    "fields": {
      "title": "\u06a9\u0627\u0631\u0634\u0646\u0627\u0633 \u0622\u0632\u0645\u0627\u06cc\u0634\u06af\u0627\u0647 \u062a\u0639\u06cc\u06cc\u0646 \u0633\u0645\u0648\u0645",
      "code": 99,
      "level": 0
    }
  },
  {
    "model": "telephones.PositionType",
    "pk": 100,
    "fields": {
      "title": "\u06a9\u0627\u0631\u0634\u0646\u0627\u0633 \u0622\u0632\u0645\u0627\u06cc\u0634\u06af\u0627\u0647 \u062a\u0639\u06cc\u06cc\u0646 \u0639\u06cc\u0627\u0631 \u0641\u0644\u0632\u0627\u062a \u06af\u0631\u0627\u0646\u0628\u0647\u0627",
      "code": 100,
      "level": 0
    }
  },
  {
    "model": "telephones.PositionType",
    "pk": 101,
    "fields": {
      "title": "\u06a9\u0627\u0631\u0634\u0646\u0627\u0633 \u0622\u0632\u0645\u0627\u06cc\u0634\u06af\u0627\u0647 \u0647\u0645\u06a9\u0627\u0631 \u0627\u0633\u062a\u0627\u0646\u062f\u0627\u0631\u062f",
      "code": 101,
      "level": 0
    }
  },
  {
    "model": "telephones.PositionType",
    "pk": 102,
    "fields": {
      "title": "\u06a9\u0627\u0631\u0634\u0646\u0627\u0633 \u0622\u0632\u0645\u0627\u06cc\u0634\u06af\u0627\u0647 \u062a\u062d\u0642\u06cc\u0642\u0627\u062a\u06cc \u0622\u0646\u0627\u0644\u06cc\u0632",
      "code": 102,
      "level": 0
    }
  },
  {
    "model": "telephones.PositionType",
    "pk": 103,
    "fields": {
      "title": "\u0631\u06cc\u06cc\u0633 \u0622\u0632\u0645\u0627\u06cc\u0634\u06af\u0627\u0647 \u0645\u0631\u06a9\u0632\u06cc (**)",
      "code": 103,
      "level": 0
    }
  },
  {
    "model": "telephones.PositionType",
    "pk": 104,
    "fields": {
      "title": "\u0631\u06cc\u06cc\u0633",
      "code": 104,
      "level": 0
    }
  },
  {
    "model": "telephones.PositionType",
    "pk": 105,
    "fields": {
      "title": "\u0645\u062a\u0635\u062f\u06cc \u0627\u0645\u0648\u0631 \u062f\u0641\u062a\u0631\u06cc \u0648 \u0628\u0627\u06cc\u06af\u0627\u0646\u06cc",
      "code": 105,
      "level": 0
    }
  },
  {
    "model": "telephones.PositionType",
    "pk": 106,
    "fields": {
      "title": "\u0645\u0639\u0627\u0648\u0646",
      "code": 106,
      "level": 0
    }
  },
  {
    "model": "telephones.PositionType",
    "pk": 107,
    "fields": {
      "title": "\u0631\u06cc\u06cc\u0633 \u06a9\u062a\u0627\u0628\u062e\u0627\u0646\u0647 \u0645\u0631\u06a9\u0632\u06cc (**)",
      "code": 107,
      "level": 0
    }
  },
  {
    "model": "telephones.PositionType",
    "pk": 108,
    "fields": {
      "title": "\u0645\u0639\u0627\u0648\u0646 \u0645\u062f\u06cc\u0631 \u06a9\u0627\u0631\u0622\u0641\u0631\u06cc\u0646\u06cc \u0648 \u0627\u0631\u062a\u0628\u0627\u0637 \u0628\u0627 \u062c\u0627\u0645\u0639\u0647",
      "code": 108,
      "level": 0
    }
  },
  {
    "model": "telephones.PositionType",
    "pk": 109,
    "fields": {
      "title": "\u0627\u067e\u0631\u0627\u062a\u0648\u0631",
      "code": 109,
      "level": 0
    }
  },
  {
    "model": "telephones.PositionType",
    "pk": 110,
    "fields": {
      "title": "\u06a9\u0627\u0631\u0634\u0646\u0627\u0633 \u0645\u0631\u06a9\u0632 \u062f\u0627\u062f\u0647",
      "code": 110,
      "level": 0
    }
  },
  {
    "model": "telephones.PositionType",
    "pk": 111,
    "fields": {
      "title": "\u06a9\u0627\u0631\u0634\u0646\u0627\u0633 \u0634\u0628\u06a9\u0647",
      "code": 111,
      "level": 0
    }
  },
  {
    "model": "telephones.PositionType",
    "pk": 112,
    "fields": {
      "title": "\u06a9\u0627\u0631\u0634\u0646\u0627\u0633 \u067e\u0627\u06cc\u06af\u0627\u0647 \u0647\u0627\u06cc \u062f\u0627\u062f\u0647",
      "code": 112,
      "level": 0
    }
  },
  {
    "model": "telephones.PositionType",
    "pk": 113,
    "fields": {
      "title": "\u06a9\u0627\u0631\u0634\u0646\u0627\u0633 \u0641\u0631\u0627\u0628\u0631\u06cc \u062f\u0627\u062f \u0647 \u0647\u0627",
      "code": 113,
      "level": 0
    }
  },
  {
    "model": "telephones.PositionType",
    "pk": 114,
    "fields": {
      "title": "\u06a9\u0627\u0631\u0634\u0646\u0627\u0633 \u0633\u062e\u062a \u0627\u0641\u0632\u0627\u0631",
      "code": 114,
      "level": 0
    }
  },
  {
    "model": "telephones.PositionType",
    "pk": 115,
    "fields": {
      "title": "\u06a9\u0627\u0631\u0634\u0646\u0627\u0633 \u062a\u062d\u0644\u06cc\u0644 \u06a9\u0631 \u0633\u06cc\u0633\u062a\u0645",
      "code": 115,
      "level": 0
    }
  },
  {
    "model": "telephones.PositionType",
    "pk": 116,
    "fields": {
      "title": "\u06a9\u0627\u0631\u0634\u0646\u0627\u0633 \u0646\u0631\u0645 \u0627\u0641\u0632\u0627\u0631",
      "code": 116,
      "level": 0
    }
  },
  {
    "model": "telephones.PositionType",
    "pk": 117,
    "fields": {
      "title": "\u06a9\u0627\u0631\u0634\u0646\u0627\u0633 \u0645\u0633\u0626\u0648\u0644",
      "code": 117,
      "level": 0
    }
  },
  {
    "model": "telephones.PositionType",
    "pk": 118,
    "fields": {
      "title": "\u06a9\u0627\u0631\u0634\u0646\u0627\u0633 \u0645\u0633\u0626\u0648\u0644 \u0628\u0627\u0646\u06a9 \u0647\u0627\u06cc \u0627\u0637\u0644\u0627\u0639\u0627\u062a\u06cc",
      "code": 118,
      "level": 0
    }
  },
  {
    "model": "telephones.PositionType",
    "pk": 119,
    "fields": {
      "title": "\u06a9\u0627\u0631\u0634\u0646\u0627\u0633 \u0645\u0633\u0626\u0648\u0644 \u0633\u062e\u062a \u0627\u0641\u0632\u0627\u0631",
      "code": 119,
      "level": 0
    }
  },
  {
    "model": "telephones.PositionType",
    "pk": 120,
    "fields": {
      "title": "\u0631\u06cc\u06cc\u0633 \u06af\u0631\u0648\u0647 \u0641\u0646\u0627\u0648\u0631\u06cc \u0627\u0637\u0644\u0627\u0639\u0627\u062a (**)",
      "code": 120,
      "level": 0
    }
  },
  {
    "model": "telephones.PositionType",
    "pk": 121,
    "fields": {
      "title": "\u0631\u06cc\u06cc\u0633 \u062f\u0628\u06cc\u0631\u062e\u0627\u0646\u0647",
      "code": 121,
      "level": 0
    }
  },
  {
    "model": "telephones.PositionType",
    "pk": 122,
    "fields": {
      "title": "\u06a9\u0627\u0631\u0634\u0646\u0627\u0633 \u0627\u0645\u0648\u0631 \u067e\u0698\u0648\u0647\u0634\u06cc",
      "code": 122,
      "level": 0
    }
  },
  {
    "model": "telephones.PositionType",
    "pk": 123,
    "fields": {
      "title": "\u06a9\u0627\u0631\u0634\u0646\u0627\u0633 \u0645\u0633\u0626\u0648\u0644 \u0627\u0645\u0648\u0631 \u067e\u0698\u0648\u0647\u0634\u06cc",
      "code": 123,
      "level": 0
    }
  },
  {
    "model": "telephones.PositionType",
    "pk": 124,
    "fields": {
      "title": "\u0645\u062a\u0635\u062f\u06cc \u0633\u0645\u0639\u06cc \u0648 \u0628\u0635\u0631\u06cc",
      "code": 124,
      "level": 0
    }
  },
  {
    "model": "telephones.PositionType",
    "pk": 125,
    "fields": {
      "title": "\u0631\u06cc\u06cc\u0633 \u06af\u0631\u0648\u0647 \u0622\u0645\u0648\u0632\u0634\u0647\u0627\u06cc \u0622\u0632\u0627\u062f \u0648 \u0645\u062c\u0627\u0632\u06cc (**)",
      "code": 125,
      "level": 0
    }
  },
  {
    "model": "telephones.PositionType",
    "pk": 126,
    "fields": {
      "title": "\u0645\u062f\u06cc\u0631 \u06af\u0631\u0648\u0647 (*)",
      "code": 126,
      "level": 0
    }
  },
  {
    "model": "telephones.PositionType",
    "pk": 127,
    "fields": {
      "title": "\u0645\u0634\u0627\u0648\u0631 (*)",
      "code": 127,
      "level": 0
    }
  },
  {
    "model": "telephones.PositionType",
    "pk": 128,
    "fields": {
      "title": "\u0645\u0639\u0627\u0648\u0646 \u062f\u0627\u0646\u0634\u06a9\u062f\u0647 (*)",
      "code": 128,
      "level": 0
    }
  },
  {
    "model": "telephones.PositionType",
    "pk": 129,
    "fields": {
      "title": "\u0631\u06cc\u06cc\u0633 \u062f\u0627\u0646\u0634\u06a9\u062f\u0647 \u0627\u062f\u0628\u06cc\u0627\u062a \u0648 \u0639\u0644\u0648\u0645 \u0627\u0646\u0633\u0627\u0646\u06cc (*)",
      "code": 129,
      "level": 0
    }
  },
  {
    "model": "telephones.PositionType",
    "pk": 130,
    "fields": {
      "title": "\u0645\u0639\u0627\u0648\u0646 \u062f\u0627\u0646\u0634\u06af\u0627\u0647 (*)",
      "code": 130,
      "level": 0
    }
  },
  {
    "model": "telephones.PositionType",
    "pk": 131,
    "fields": {
      "title": "\u0631\u06cc\u06cc\u0633 \u062f\u0627\u0646\u0634\u06a9\u062f\u0647 \u0639\u0644\u0648\u0645 \u0648 \u0641\u0646\u0627\u0648\u0631\u06cc \u0647\u0627\u06cc \u0646\u0648\u06cc\u0646 (*)",
      "code": 131,
      "level": 0
    }
  },
  {
    "model": "telephones.PositionType",
    "pk": 132,
    "fields": {
      "title": "\u0645\u062f\u06cc\u0631 (*)",
      "code": 132,
      "level": 0
    }
  },
  {
    "model": "telephones.PositionType",
    "pk": 133,
    "fields": {
      "title": "\u0631\u06cc\u06cc\u0633 \u06af\u0631\u0648\u0647 (*)",
      "code": 133,
      "level": 0
    }
  },
  {
    "model": "telephones.PositionType",
    "pk": 134,
    "fields": {
      "title": "\u0631\u06cc\u06cc\u0633 \u062f\u0627\u0646\u0634\u06a9\u062f\u0647 \u0641\u0646\u06cc \u0648 \u0645\u0647\u0646\u062f\u0633\u06cc (*)",
      "code": 134,
      "level": 0
    }
  },
  {
    "model": "telephones.PositionType",
    "pk": 135,
    "fields": {
      "title": "\u0631\u06cc\u06cc\u0633 \u062f\u0627\u0646\u0634\u06a9\u062f\u0647 \u0639\u0644\u0648\u0645 \u0627\u062f\u0627\u0631\u06cc \u0648 \u0627\u0642\u062a\u0635\u0627\u062f (*)",
      "code": 135,
      "level": 0
    }
  },
  {
    "model": "telephones.PositionType",
    "pk": 136,
    "fields": {
      "title": "\u0631\u06cc\u06cc\u0633 \u062f\u0627\u0646\u0634\u06a9\u062f\u0647 \u0639\u0644\u0648\u0645 \u0631\u06cc\u0627\u0636\u06cc (*)",
      "code": 136,
      "level": 0
    }
  },
  {
    "model": "telephones.PositionType",
    "pk": 137,
    "fields": {
      "title": "\u0631\u06cc\u06cc\u0633 \u062f\u0627\u0646\u0634\u06a9\u062f\u0647 \u06a9\u0634\u0627\u0648\u0631\u0632\u06cc (*)",
      "code": 137,
      "level": 0
    }
  },
  {
    "model": "telephones.PositionType",
    "pk": 138,
    "fields": {
      "title": "\u0631\u06cc\u06cc\u0633 \u062f\u0627\u0646\u0634\u06a9\u062f\u0647 \u0639\u0644\u0648\u0645 \u067e\u0627\u06cc\u0647 (*)",
      "code": 138,
      "level": 0
    }
  },
  {
    "model": "telephones.PositionType",
    "pk": 139,
    "fields": {
      "title": "\u0631\u06cc\u06cc\u0633 \u062f\u0627\u0646\u0634\u06af\u0627\u0647 (*)",
      "code": 139,
      "level": 0
    }
  },
  {
    "model": "telephones.PositionType",
    "pk": 140,
    "fields": {
      "title": "\u0631\u06cc\u06cc\u0633 \u062f\u0627\u0646\u0634\u06a9\u062f\u0647 \u0632\u0628\u0627\u0646\u0647\u0627\u06cc \u062e\u0627\u0631\u062c\u06cc (*)",
      "code": 140,
      "level": 0
    }
  }
]