[
  {
    "model": "auth.user",
    "pk": 1,
    "fields": {
      "username": "2992494194",
      "password": "2992494194",
      "email": "vru@vru.ac.ir"
    }
  },
  {
    "model": "auth.user",
    "pk": 2,
    "fields": {
      "username": "3051281050",
      "password": "3051281050",
      "email": "vru@vru.ac.ir"
    }
  },
  {
    "model": "auth.user",
    "pk": 3,
    "fields": {
      "username": "3130902384",
      "password": "3130902384",
      "email": "vru@vru.ac.ir"
    }
  },
  {
    "model": "auth.user",
    "pk": 4,
    "fields": {
      "username": "3051347345",
      "password": "3051347345",
      "email": "vru@vru.ac.ir"
    }
  },
  {
    "model": "auth.user",
    "pk": 5,
    "fields": {
      "username": "5429794783",
      "password": "5429794783",
      "email": "vru@vru.ac.ir"
    }
  },
  {
    "model": "auth.user",
    "pk": 6,
    "fields": {
      "username": "2992721204",
      "password": "2992721204",
      "email": "vru@vru.ac.ir"
    }
  },
  {
    "model": "auth.user",
    "pk": 7,
    "fields": {
      "username": "5279754528",
      "password": "5279754528",
      "email": "vru@vru.ac.ir"
    }
  },
  {
    "model": "auth.user",
    "pk": 8,
    "fields": {
      "username": "1841813990",
      "password": "1841813990",
      "email": "vru@vru.ac.ir"
    }
  },
  {
    "model": "auth.user",
    "pk": 9,
    "fields": {
      "username": "2991724579",
      "password": "2991724579",
      "email": "vru@vru.ac.ir"
    }
  },
  {
    "model": "auth.user",
    "pk": 10,
    "fields": {
      "username": "2991547855",
      "password": "2991547855",
      "email": "vru@vru.ac.ir"
    }
  },
  {
    "model": "auth.user",
    "pk": 11,
    "fields": {
      "username": "2411427581",
      "password": "2411427581",
      "email": "vru@vru.ac.ir"
    }
  },
  {
    "model": "auth.user",
    "pk": 12,
    "fields": {
      "username": "3179843111",
      "password": "3179843111",
      "email": "vru@vru.ac.ir"
    }
  },
  {
    "model": "auth.user",
    "pk": 13,
    "fields": {
      "username": "3051951951",
      "password": "3051951951",
      "email": "vru@vru.ac.ir"
    }
  },
  {
    "model": "auth.user",
    "pk": 14,
    "fields": {
      "username": "5519961611",
      "password": "5519961611",
      "email": "vru@vru.ac.ir"
    }
  },
  {
    "model": "auth.user",
    "pk": 15,
    "fields": {
      "username": "3051253537",
      "password": "3051253537",
      "email": "vru@vru.ac.ir"
    }
  },
  {
    "model": "auth.user",
    "pk": 16,
    "fields": {
      "username": "3051171980",
      "password": "3051171980",
      "email": "vru@vru.ac.ir"
    }
  },
  {
    "model": "auth.user",
    "pk": 17,
    "fields": {
      "username": "canon",
      "password": "canon",
      "email": "vru@vru.ac.ir"
    }
  },
  {
    "model": "auth.user",
    "pk": 18,
    "fields": {
      "username": "canon1",
      "password": "canon1",
      "email": "vru@vru.ac.ir"
    }
  },
  {
    "model": "auth.user",
    "pk": 19,
    "fields": {
      "username": "1064293913",
      "password": "1064293913",
      "email": "vru@vru.ac.ir"
    }
  },
  {
    "model": "auth.user",
    "pk": 20,
    "fields": {
      "username": "4432753935",
      "password": "4432753935",
      "email": "vru@vru.ac.ir"
    }
  },
  {
    "model": "auth.user",
    "pk": 21,
    "fields": {
      "username": "3051297259",
      "password": "3051297259",
      "email": "vru@vru.ac.ir"
    }
  },
  {
    "model": "auth.user",
    "pk": 22,
    "fields": {
      "username": "3090583771",
      "password": "3090583771",
      "email": "vru@vru.ac.ir"
    }
  },
  {
    "model": "auth.user",
    "pk": 23,
    "fields": {
      "username": "3050164328",
      "password": "3050164328",
      "email": "vru@vru.ac.ir"
    }
  },
  {
    "model": "auth.user",
    "pk": 24,
    "fields": {
      "username": "4430643921",
      "password": "4430643921",
      "email": "vru@vru.ac.ir"
    }
  },
  {
    "model": "auth.user",
    "pk": 25,
    "fields": {
      "username": "azad",
      "password": "azad",
      "email": "vru@vru.ac.ir"
    }
  },
  {
    "model": "auth.user",
    "pk": 26,
    "fields": {
      "username": "4650427819",
      "password": "4650427819",
      "email": "vru@vru.ac.ir"
    }
  },
  {
    "model": "auth.user",
    "pk": 27,
    "fields": {
      "username": "3051126578",
      "password": "3051126578",
      "email": "vru@vru.ac.ir"
    }
  },
  {
    "model": "auth.user",
    "pk": 28,
    "fields": {
      "username": "829720987",
      "password": "829720987",
      "email": "vru@vru.ac.ir"
    }
  },
  {
    "model": "auth.user",
    "pk": 29,
    "fields": {
      "username": "3051604119",
      "password": "3051604119",
      "email": "vru@vru.ac.ir"
    }
  },
  {
    "model": "auth.user",
    "pk": 30,
    "fields": {
      "username": "5039732295",
      "password": "5039732295",
      "email": "vru@vru.ac.ir"
    }
  },
  {
    "model": "auth.user",
    "pk": 31,
    "fields": {
      "username": "4433439851",
      "password": "4433439851",
      "email": "vru@vru.ac.ir"
    }
  },
  {
    "model": "auth.user",
    "pk": 32,
    "fields": {
      "username": "839875150",
      "password": "839875150",
      "email": "vru@vru.ac.ir"
    }
  },
  {
    "model": "auth.user",
    "pk": 33,
    "fields": {
      "username": "5239739838",
      "password": "5239739838",
      "email": "vru@vru.ac.ir"
    }
  },
  {
    "model": "auth.user",
    "pk": 34,
    "fields": {
      "username": "3051191787",
      "password": "3051191787",
      "email": "vru@vru.ac.ir"
    }
  },
  {
    "model": "auth.user",
    "pk": 35,
    "fields": {
      "username": "3051346391",
      "password": "3051346391",
      "email": "vru@vru.ac.ir"
    }
  },
  {
    "model": "auth.user",
    "pk": 36,
    "fields": {
      "username": "3051260398",
      "password": "3051260398",
      "email": "vru@vru.ac.ir"
    }
  },
  {
    "model": "auth.user",
    "pk": 37,
    "fields": {
      "username": "3050126515",
      "password": "3050126515",
      "email": "vru@vru.ac.ir"
    }
  },
  {
    "model": "auth.user",
    "pk": 38,
    "fields": {
      "username": "4899076002",
      "password": "4899076002",
      "email": "vru@vru.ac.ir"
    }
  },
  {
    "model": "auth.user",
    "pk": 39,
    "fields": {
      "username": "3051336211",
      "password": "3051336211",
      "email": "vru@vru.ac.ir"
    }
  },
  {
    "model": "auth.user",
    "pk": 40,
    "fields": {
      "username": "3050247983",
      "password": "3050247983",
      "email": "vru@vru.ac.ir"
    }
  },
  {
    "model": "auth.user",
    "pk": 41,
    "fields": {
      "username": "3149097029",
      "password": "3149097029",
      "email": "vru@vru.ac.ir"
    }
  },
  {
    "model": "auth.user",
    "pk": 42,
    "fields": {
      "username": "3071997256",
      "password": "3071997256",
      "email": "vru@vru.ac.ir"
    }
  },
  {
    "model": "auth.user",
    "pk": 43,
    "fields": {
      "username": "4621577093",
      "password": "4621577093",
      "email": "vru@vru.ac.ir"
    }
  },
  {
    "model": "auth.user",
    "pk": 44,
    "fields": {
      "username": "2992616877",
      "password": "2992616877",
      "email": "vru@vru.ac.ir"
    }
  },
  {
    "model": "auth.user",
    "pk": 45,
    "fields": {
      "username": "3040126034",
      "password": "3040126034",
      "email": "vru@vru.ac.ir"
    }
  },
  {
    "model": "auth.user",
    "pk": 46,
    "fields": {
      "username": "3050223294",
      "password": "3050223294",
      "email": "vru@vru.ac.ir"
    }
  },
  {
    "model": "auth.user",
    "pk": 47,
    "fields": {
      "username": "3031799321",
      "password": "3031799321",
      "email": "vru@vru.ac.ir"
    }
  },
  {
    "model": "auth.user",
    "pk": 48,
    "fields": {
      "username": "3070789900",
      "password": "3070789900",
      "email": "vru@vru.ac.ir"
    }
  },
  {
    "model": "auth.user",
    "pk": 49,
    "fields": {
      "username": "3051398691",
      "password": "3051398691",
      "email": "vru@vru.ac.ir"
    }
  },
  {
    "model": "auth.user",
    "pk": 50,
    "fields": {
      "username": "3199978861",
      "password": "3199978861",
      "email": "vru@vru.ac.ir"
    }
  },
  {
    "model": "auth.user",
    "pk": 51,
    "fields": {
      "username": "3189851670",
      "password": "3189851670",
      "email": "vru@vru.ac.ir"
    }
  },
  {
    "model": "auth.user",
    "pk": 52,
    "fields": {
      "username": "2992803405",
      "password": "2992803405",
      "email": "vru@vru.ac.ir"
    }
  },
  {
    "model": "auth.user",
    "pk": 53,
    "fields": {
      "username": "3051208388",
      "password": "3051208388",
      "email": "vru@vru.ac.ir"
    }
  },
  {
    "model": "auth.user",
    "pk": 54,
    "fields": {
      "username": "alieb",
      "password": "alieb",
      "email": "vru@vru.ac.ir"
    }
  },
  {
    "model": "auth.user",
    "pk": 55,
    "fields": {
      "username": "3050316411",
      "password": "3050316411",
      "email": "vru@vru.ac.ir"
    }
  },
  {
    "model": "auth.user",
    "pk": 56,
    "fields": {
      "username": "3149569877",
      "password": "3149569877",
      "email": "vru@vru.ac.ir"
    }
  },
  {
    "model": "auth.user",
    "pk": 57,
    "fields": {
      "username": "1281878839",
      "password": "1281878839",
      "email": "vru@vru.ac.ir"
    }
  },
  {
    "model": "auth.user",
    "pk": 58,
    "fields": {
      "username": "5429820245",
      "password": "5429820245",
      "email": "vru@vru.ac.ir"
    }
  },
  {
    "model": "auth.user",
    "pk": 59,
    "fields": {
      "username": "3051563201",
      "password": "3051563201",
      "email": "vru@vru.ac.ir"
    }
  },
  {
    "model": "auth.user",
    "pk": 60,
    "fields": {
      "username": "6079895951",
      "password": "6079895951",
      "email": "vru@vru.ac.ir"
    }
  },
  {
    "model": "auth.user",
    "pk": 61,
    "fields": {
      "username": "3052212796",
      "password": "3052212796",
      "email": "vru@vru.ac.ir"
    }
  },
  {
    "model": "auth.user",
    "pk": 62,
    "fields": {
      "username": "3051306551",
      "password": "3051306551",
      "email": "vru@vru.ac.ir"
    }
  },
  {
    "model": "auth.user",
    "pk": 63,
    "fields": {
      "username": "5429763942",
      "password": "5429763942",
      "email": "vru@vru.ac.ir"
    }
  },
  {
    "model": "auth.user",
    "pk": 64,
    "fields": {
      "username": "3051780472",
      "password": "3051780472",
      "email": "vru@vru.ac.ir"
    }
  },
  {
    "model": "auth.user",
    "pk": 65,
    "fields": {
      "username": "3051468576",
      "password": "3051468576",
      "email": "vru@vru.ac.ir"
    }
  },
  {
    "model": "auth.user",
    "pk": 66,
    "fields": {
      "username": "3051244236",
      "password": "3051244236",
      "email": "vru@vru.ac.ir"
    }
  },
  {
    "model": "auth.user",
    "pk": 67,
    "fields": {
      "username": "3051201936",
      "password": "3051201936",
      "email": "vru@vru.ac.ir"
    }
  },
  {
    "model": "auth.user",
    "pk": 68,
    "fields": {
      "username": "3052185871",
      "password": "3052185871",
      "email": "vru@vru.ac.ir"
    }
  },
  {
    "model": "auth.user",
    "pk": 69,
    "fields": {
      "username": "3051195693",
      "password": "3051195693",
      "email": "vru@vru.ac.ir"
    }
  },
  {
    "model": "auth.user",
    "pk": 70,
    "fields": {
      "username": "3051149349",
      "password": "3051149349",
      "email": "vru@vru.ac.ir"
    }
  },
  {
    "model": "auth.user",
    "pk": 71,
    "fields": {
      "username": "1287241522",
      "password": "1287241522",
      "email": "vru@vru.ac.ir"
    }
  },
  {
    "model": "auth.user",
    "pk": 72,
    "fields": {
      "username": "3050126051",
      "password": "3050126051",
      "email": "vru@vru.ac.ir"
    }
  },
  {
    "model": "auth.user",
    "pk": 73,
    "fields": {
      "username": "3051010154",
      "password": "3051010154",
      "email": "vru@vru.ac.ir"
    }
  },
  {
    "model": "auth.user",
    "pk": 74,
    "fields": {
      "username": "532967909",
      "password": "532967909",
      "email": "vru@vru.ac.ir"
    }
  },
  {
    "model": "auth.user",
    "pk": 75,
    "fields": {
      "username": "4869052156",
      "password": "4869052156",
      "email": "vru@vru.ac.ir"
    }
  },
  {
    "model": "auth.user",
    "pk": 76,
    "fields": {
      "username": "3130038213",
      "password": "3130038213",
      "email": "vru@vru.ac.ir"
    }
  },
  {
    "model": "auth.user",
    "pk": 77,
    "fields": {
      "username": "3052158481",
      "password": "3052158481",
      "email": "vru@vru.ac.ir"
    }
  },
  {
    "model": "auth.user",
    "pk": 78,
    "fields": {
      "username": "74189778",
      "password": "74189778",
      "email": "vru@vru.ac.ir"
    }
  },
  {
    "model": "auth.user",
    "pk": 79,
    "fields": {
      "username": "3050793236",
      "password": "3050793236",
      "email": "vru@vru.ac.ir"
    }
  },
  {
    "model": "auth.user",
    "pk": 80,
    "fields": {
      "username": "3052194781",
      "password": "3052194781",
      "email": "vru@vru.ac.ir"
    }
  },
  {
    "model": "auth.user",
    "pk": 81,
    "fields": {
      "username": "3052326945",
      "password": "3052326945",
      "email": "vru@vru.ac.ir"
    }
  },
  {
    "model": "auth.user",
    "pk": 82,
    "fields": {
      "username": "3051571407",
      "password": "3051571407",
      "email": "vru@vru.ac.ir"
    }
  },
  {
    "model": "auth.user",
    "pk": 83,
    "fields": {
      "username": "3052109170",
      "password": "3052109170",
      "email": "vru@vru.ac.ir"
    }
  },
  {
    "model": "auth.user",
    "pk": 84,
    "fields": {
      "username": "3040579312",
      "password": "3040579312",
      "email": "vru@vru.ac.ir"
    }
  },
  {
    "model": "auth.user",
    "pk": 85,
    "fields": {
      "username": "3052056451",
      "password": "3052056451",
      "email": "vru@vru.ac.ir"
    }
  },
  {
    "model": "auth.user",
    "pk": 86,
    "fields": {
      "username": "3051999342",
      "password": "3051999342",
      "email": "vru@vru.ac.ir"
    }
  },
  {
    "model": "auth.user",
    "pk": 87,
    "fields": {
      "username": "3051381802",
      "password": "3051381802",
      "email": "vru@vru.ac.ir"
    }
  },
  {
    "model": "auth.user",
    "pk": 88,
    "fields": {
      "username": "3071578601",
      "password": "3071578601",
      "email": "vru@vru.ac.ir"
    }
  },
  {
    "model": "auth.user",
    "pk": 89,
    "fields": {
      "username": "3052052748",
      "password": "3052052748",
      "email": "vru@vru.ac.ir"
    }
  },
  {
    "model": "auth.user",
    "pk": 90,
    "fields": {
      "username": "3052029241",
      "password": "3052029241",
      "email": "vru@vru.ac.ir"
    }
  },
  {
    "model": "auth.user",
    "pk": 91,
    "fields": {
      "username": "3051204765",
      "password": "3051204765",
      "email": "vru@vru.ac.ir"
    }
  },
  {
    "model": "auth.user",
    "pk": 92,
    "fields": {
      "username": "3070313108",
      "password": "3070313108",
      "email": "vru@vru.ac.ir"
    }
  },
  {
    "model": "auth.user",
    "pk": 93,
    "fields": {
      "username": "2993386387",
      "password": "2993386387",
      "email": "vru@vru.ac.ir"
    }
  },
  {
    "model": "auth.user",
    "pk": 94,
    "fields": {
      "username": "sabaz",
      "password": "sabaz",
      "email": "vru@vru.ac.ir"
    }
  },
  {
    "model": "auth.user",
    "pk": 95,
    "fields": {
      "username": "3071552955",
      "password": "3071552955",
      "email": "vru@vru.ac.ir"
    }
  },
  {
    "model": "auth.user",
    "pk": 96,
    "fields": {
      "username": "3051966932",
      "password": "3051966932",
      "email": "vru@vru.ac.ir"
    }
  },
  {
    "model": "auth.user",
    "pk": 97,
    "fields": {
      "username": "3040115235",
      "password": "3040115235",
      "email": "vru@vru.ac.ir"
    }
  },
  {
    "model": "auth.user",
    "pk": 98,
    "fields": {
      "username": "3051205486",
      "password": "3051205486",
      "email": "vru@vru.ac.ir"
    }
  },
  {
    "model": "auth.user",
    "pk": 99,
    "fields": {
      "username": "6259671377",
      "password": "6259671377",
      "email": "vru@vru.ac.ir"
    }
  },
  {
    "model": "auth.user",
    "pk": 100,
    "fields": {
      "username": "2301158756",
      "password": "2301158756",
      "email": "vru@vru.ac.ir"
    }
  },
  {
    "model": "auth.user",
    "pk": 101,
    "fields": {
      "username": "3052053221",
      "password": "3052053221",
      "email": "vru@vru.ac.ir"
    }
  },
  {
    "model": "auth.user",
    "pk": 102,
    "fields": {
      "username": "1288242395",
      "password": "1288242395",
      "email": "vru@vru.ac.ir"
    }
  },
  {
    "model": "auth.user",
    "pk": 103,
    "fields": {
      "username": "68837887",
      "password": "68837887",
      "email": "vru@vru.ac.ir"
    }
  },
  {
    "model": "auth.user",
    "pk": 104,
    "fields": {
      "username": "4479751181",
      "password": "4479751181",
      "email": "vru@vru.ac.ir"
    }
  },
  {
    "model": "auth.user",
    "pk": 105,
    "fields": {
      "username": "3051215627",
      "password": "3051215627",
      "email": "vru@vru.ac.ir"
    }
  },
  {
    "model": "auth.user",
    "pk": 106,
    "fields": {
      "username": "2559560461",
      "password": "2559560461",
      "email": "vru@vru.ac.ir"
    }
  },
  {
    "model": "auth.user",
    "pk": 107,
    "fields": {
      "username": "3052125435",
      "password": "3052125435",
      "email": "vru@vru.ac.ir"
    }
  },
  {
    "model": "auth.user",
    "pk": 108,
    "fields": {
      "username": "4432382961",
      "password": "4432382961",
      "email": "vru@vru.ac.ir"
    }
  },
  {
    "model": "auth.user",
    "pk": 109,
    "fields": {
      "username": "5229786078",
      "password": "5229786078",
      "email": "vru@vru.ac.ir"
    }
  },
  {
    "model": "auth.user",
    "pk": 110,
    "fields": {
      "username": "3050187158",
      "password": "3050187158",
      "email": "vru@vru.ac.ir"
    }
  },
  {
    "model": "auth.user",
    "pk": 111,
    "fields": {
      "username": "2980254231",
      "password": "2980254231",
      "email": "vru@vru.ac.ir"
    }
  },
  {
    "model": "auth.user",
    "pk": 112,
    "fields": {
      "username": "3051225274",
      "password": "3051225274",
      "email": "vru@vru.ac.ir"
    }
  },
  {
    "model": "auth.user",
    "pk": 113,
    "fields": {
      "username": "2991517972",
      "password": "2991517972",
      "email": "vru@vru.ac.ir"
    }
  },
  {
    "model": "auth.user",
    "pk": 114,
    "fields": {
      "username": "3051324310",
      "password": "3051324310",
      "email": "vru@vru.ac.ir"
    }
  },
  {
    "model": "auth.user",
    "pk": 115,
    "fields": {
      "username": "2992668214",
      "password": "2992668214",
      "email": "vru@vru.ac.ir"
    }
  },
  {
    "model": "auth.user",
    "pk": 116,
    "fields": {
      "username": "3050134313",
      "password": "3050134313",
      "email": "vru@vru.ac.ir"
    }
  },
  {
    "model": "auth.user",
    "pk": 117,
    "fields": {
      "username": "3051120588",
      "password": "3051120588",
      "email": "vru@vru.ac.ir"
    }
  },
  {
    "model": "auth.user",
    "pk": 118,
    "fields": {
      "username": "3052238507",
      "password": "3052238507",
      "email": "vru@vru.ac.ir"
    }
  },
  {
    "model": "auth.user",
    "pk": 119,
    "fields": {
      "username": "5519572453",
      "password": "5519572453",
      "email": "vru@vru.ac.ir"
    }
  },
  {
    "model": "auth.user",
    "pk": 120,
    "fields": {
      "username": "3051349453",
      "password": "3051349453",
      "email": "vru@vru.ac.ir"
    }
  },
  {
    "model": "auth.user",
    "pk": 121,
    "fields": {
      "username": "3050453893",
      "password": "3050453893",
      "email": "vru@vru.ac.ir"
    }
  },
  {
    "model": "auth.user",
    "pk": 122,
    "fields": {
      "username": "3052236830",
      "password": "3052236830",
      "email": "vru@vru.ac.ir"
    }
  },
  {
    "model": "auth.user",
    "pk": 123,
    "fields": {
      "username": "3051405469",
      "password": "3051405469",
      "email": "vru@vru.ac.ir"
    }
  },
  {
    "model": "auth.user",
    "pk": 124,
    "fields": {
      "username": "3051366080",
      "password": "3051366080",
      "email": "vru@vru.ac.ir"
    }
  },
  {
    "model": "auth.user",
    "pk": 125,
    "fields": {
      "username": "3050134291",
      "password": "3050134291",
      "email": "vru@vru.ac.ir"
    }
  },
  {
    "model": "auth.user",
    "pk": 126,
    "fields": {
      "username": "3051355429",
      "password": "3051355429",
      "email": "vru@vru.ac.ir"
    }
  },
  {
    "model": "auth.user",
    "pk": 127,
    "fields": {
      "username": "6079924145",
      "password": "6079924145",
      "email": "vru@vru.ac.ir"
    }
  },
  {
    "model": "auth.user",
    "pk": 128,
    "fields": {
      "username": "amin",
      "password": "amin",
      "email": "vru@vru.ac.ir"
    }
  },
  {
    "model": "auth.user",
    "pk": 129,
    "fields": {
      "username": "3051254436",
      "password": "3051254436",
      "email": "vru@vru.ac.ir"
    }
  },
  {
    "model": "auth.user",
    "pk": 130,
    "fields": {
      "username": "2062980140",
      "password": "2062980140",
      "email": "vru@vru.ac.ir"
    }
  },
  {
    "model": "auth.user",
    "pk": 131,
    "fields": {
      "username": "5649900124",
      "password": "5649900124",
      "email": "vru@vru.ac.ir"
    }
  },
  {
    "model": "auth.user",
    "pk": 132,
    "fields": {
      "username": "3052051301",
      "password": "3052051301",
      "email": "vru@vru.ac.ir"
    }
  },
  {
    "model": "auth.user",
    "pk": 133,
    "fields": {
      "username": "3050793503",
      "password": "3050793503",
      "email": "vru@vru.ac.ir"
    }
  },
  {
    "model": "auth.user",
    "pk": 134,
    "fields": {
      "username": "3051253022",
      "password": "3051253022",
      "email": "vru@vru.ac.ir"
    }
  },
  {
    "model": "auth.user",
    "pk": 135,
    "fields": {
      "username": "3051783846",
      "password": "3051783846",
      "email": "vru@vru.ac.ir"
    }
  },
  {
    "model": "auth.user",
    "pk": 136,
    "fields": {
      "username": "3091399222",
      "password": "3091399222",
      "email": "vru@vru.ac.ir"
    }
  },
  {
    "model": "auth.user",
    "pk": 137,
    "fields": {
      "username": "3051300632",
      "password": "3051300632",
      "email": "vru@vru.ac.ir"
    }
  },
  {
    "model": "auth.user",
    "pk": 138,
    "fields": {
      "username": "3050137241",
      "password": "3050137241",
      "email": "vru@vru.ac.ir"
    }
  },
  {
    "model": "auth.user",
    "pk": 139,
    "fields": {
      "username": "3051935085",
      "password": "3051935085",
      "email": "vru@vru.ac.ir"
    }
  },
  {
    "model": "auth.user",
    "pk": 140,
    "fields": {
      "username": "6579802405",
      "password": "6579802405",
      "email": "vru@vru.ac.ir"
    }
  },
  {
    "model": "auth.user",
    "pk": 141,
    "fields": {
      "username": "3052258095",
      "password": "3052258095",
      "email": "vru@vru.ac.ir"
    }
  },
  {
    "model": "auth.user",
    "pk": 142,
    "fields": {
      "username": "60773367",
      "password": "60773367",
      "email": "vru@vru.ac.ir"
    }
  },
  {
    "model": "auth.user",
    "pk": 143,
    "fields": {
      "username": "2991667346",
      "password": "2991667346",
      "email": "vru@vru.ac.ir"
    }
  },
  {
    "model": "auth.user",
    "pk": 144,
    "fields": {
      "username": "3051853631",
      "password": "3051853631",
      "email": "vru@vru.ac.ir"
    }
  },
  {
    "model": "auth.user",
    "pk": 145,
    "fields": {
      "username": "3051558699",
      "password": "3051558699",
      "email": "vru@vru.ac.ir"
    }
  },
  {
    "model": "auth.user",
    "pk": 146,
    "fields": {
      "username": "381071561",
      "password": "381071561",
      "email": "vru@vru.ac.ir"
    }
  },
  {
    "model": "auth.user",
    "pk": 147,
    "fields": {
      "username": "3050785853",
      "password": "3050785853",
      "email": "vru@vru.ac.ir"
    }
  },
  {
    "model": "auth.user",
    "pk": 148,
    "fields": {
      "username": "5359926805",
      "password": "5359926805",
      "email": "vru@vru.ac.ir"
    }
  },
  {
    "model": "auth.user",
    "pk": 149,
    "fields": {
      "username": "3071400292",
      "password": "3071400292",
      "email": "vru@vru.ac.ir"
    }
  },
  {
    "model": "auth.user",
    "pk": 150,
    "fields": {
      "username": "3052196898",
      "password": "3052196898",
      "email": "vru@vru.ac.ir"
    }
  },
  {
    "model": "auth.user",
    "pk": 151,
    "fields": {
      "username": "3050490004",
      "password": "3050490004",
      "email": "vru@vru.ac.ir"
    }
  },
  {
    "model": "auth.user",
    "pk": 152,
    "fields": {
      "username": "3051296147",
      "password": "3051296147",
      "email": "vru@vru.ac.ir"
    }
  },
  {
    "model": "auth.user",
    "pk": 153,
    "fields": {
      "username": "3051849881",
      "password": "3051849881",
      "email": "vru@vru.ac.ir"
    }
  },
  {
    "model": "auth.user",
    "pk": 154,
    "fields": {
      "username": "3179660988",
      "password": "3179660988",
      "email": "vru@vru.ac.ir"
    }
  },
  {
    "model": "auth.user",
    "pk": 155,
    "fields": {
      "username": "942478541",
      "password": "942478541",
      "email": "vru@vru.ac.ir"
    }
  },
  {
    "model": "auth.user",
    "pk": 156,
    "fields": {
      "username": "2092280708",
      "password": "2092280708",
      "email": "vru@vru.ac.ir"
    }
  },
  {
    "model": "auth.user",
    "pk": 157,
    "fields": {
      "username": "3070128106",
      "password": "3070128106",
      "email": "vru@vru.ac.ir"
    }
  },
  {
    "model": "auth.user",
    "pk": 158,
    "fields": {
      "username": "3070588050",
      "password": "3070588050",
      "email": "vru@vru.ac.ir"
    }
  },
  {
    "model": "auth.user",
    "pk": 159,
    "fields": {
      "username": "4489910223",
      "password": "4489910223",
      "email": "vru@vru.ac.ir"
    }
  },
  {
    "model": "auth.user",
    "pk": 160,
    "fields": {
      "username": "mrh",
      "password": "mrh",
      "email": "vru@vru.ac.ir"
    }
  },
  {
    "model": "auth.user",
    "pk": 161,
    "fields": {
      "username": "3179131292",
      "password": "3179131292",
      "email": "vru@vru.ac.ir"
    }
  },
  {
    "model": "auth.user",
    "pk": 162,
    "fields": {
      "username": "3051108596",
      "password": "3051108596",
      "email": "vru@vru.ac.ir"
    }
  },
  {
    "model": "auth.user",
    "pk": 163,
    "fields": {
      "username": "3051250971",
      "password": "3051250971",
      "email": "vru@vru.ac.ir"
    }
  },
  {
    "model": "auth.user",
    "pk": 164,
    "fields": {
      "username": "6359328909",
      "password": "6359328909",
      "email": "vru@vru.ac.ir"
    }
  },
  {
    "model": "auth.user",
    "pk": 165,
    "fields": {
      "username": "4859840887",
      "password": "4859840887",
      "email": "vru@vru.ac.ir"
    }
  },
  {
    "model": "auth.user",
    "pk": 166,
    "fields": {
      "username": "2992698822",
      "password": "2992698822",
      "email": "vru@vru.ac.ir"
    }
  },
  {
    "model": "auth.user",
    "pk": 167,
    "fields": {
      "username": "3131165979",
      "password": "3131165979",
      "email": "vru@vru.ac.ir"
    }
  },
  {
    "model": "auth.user",
    "pk": 168,
    "fields": {
      "username": "3051182850",
      "password": "3051182850",
      "email": "vru@vru.ac.ir"
    }
  },
  {
    "model": "auth.user",
    "pk": 169,
    "fields": {
      "username": "3050423961",
      "password": "3050423961",
      "email": "vru@vru.ac.ir"
    }
  },
  {
    "model": "auth.user",
    "pk": 170,
    "fields": {
      "username": "3052269348",
      "password": "3052269348",
      "email": "vru@vru.ac.ir"
    }
  },
  {
    "model": "auth.user",
    "pk": 171,
    "fields": {
      "username": "3051264751",
      "password": "3051264751",
      "email": "vru@vru.ac.ir"
    }
  },
  {
    "model": "auth.user",
    "pk": 172,
    "fields": {
      "username": "3621126279",
      "password": "3621126279",
      "email": "vru@vru.ac.ir"
    }
  },
  {
    "model": "auth.user",
    "pk": 173,
    "fields": {
      "username": "3051228011",
      "password": "3051228011",
      "email": "vru@vru.ac.ir"
    }
  },
  {
    "model": "auth.user",
    "pk": 174,
    "fields": {
      "username": "3050119241",
      "password": "3050119241",
      "email": "vru@vru.ac.ir"
    }
  },
  {
    "model": "auth.user",
    "pk": 175,
    "fields": {
      "username": "5359951281",
      "password": "5359951281",
      "email": "vru@vru.ac.ir"
    }
  },
  {
    "model": "auth.user",
    "pk": 176,
    "fields": {
      "username": "3051181481",
      "password": "3051181481",
      "email": "vru@vru.ac.ir"
    }
  },
  {
    "model": "auth.user",
    "pk": 177,
    "fields": {
      "username": "3050570891",
      "password": "3050570891",
      "email": "vru@vru.ac.ir"
    }
  },
  {
    "model": "auth.user",
    "pk": 178,
    "fields": {
      "username": "3130970576",
      "password": "3130970576",
      "email": "vru@vru.ac.ir"
    }
  },
  {
    "model": "auth.user",
    "pk": 179,
    "fields": {
      "username": "3051328261",
      "password": "3051328261",
      "email": "vru@vru.ac.ir"
    }
  },
  {
    "model": "auth.user",
    "pk": 180,
    "fields": {
      "username": "4432547901",
      "password": "4432547901",
      "email": "vru@vru.ac.ir"
    }
  },
  {
    "model": "auth.user",
    "pk": 181,
    "fields": {
      "username": "agri",
      "password": "agri",
      "email": "vru@vru.ac.ir"
    }
  },
  {
    "model": "auth.user",
    "pk": 182,
    "fields": {
      "username": "3050733934",
      "password": "3050733934",
      "email": "vru@vru.ac.ir"
    }
  },
  {
    "model": "auth.user",
    "pk": 183,
    "fields": {
      "username": "3091440801",
      "password": "3091440801",
      "email": "vru@vru.ac.ir"
    }
  },
  {
    "model": "auth.user",
    "pk": 184,
    "fields": {
      "username": "2992098949",
      "password": "2992098949",
      "email": "vru@vru.ac.ir"
    }
  },
  {
    "model": "auth.user",
    "pk": 185,
    "fields": {
      "username": "3051746738",
      "password": "3051746738",
      "email": "vru@vru.ac.ir"
    }
  },
  {
    "model": "auth.user",
    "pk": 186,
    "fields": {
      "username": "3050101067",
      "password": "3050101067",
      "email": "vru@vru.ac.ir"
    }
  },
  {
    "model": "auth.user",
    "pk": 187,
    "fields": {
      "username": "3050814144",
      "password": "3050814144",
      "email": "vru@vru.ac.ir"
    }
  },
  {
    "model": "auth.user",
    "pk": 188,
    "fields": {
      "username": "3718858614",
      "password": "3718858614",
      "email": "vru@vru.ac.ir"
    }
  },
  {
    "model": "auth.user",
    "pk": 189,
    "fields": {
      "username": "omrani",
      "password": "omrani",
      "email": "vru@vru.ac.ir"
    }
  },
  {
    "model": "auth.user",
    "pk": 190,
    "fields": {
      "username": "2298107114",
      "password": "2298107114",
      "email": "vru@vru.ac.ir"
    }
  },
  {
    "model": "auth.user",
    "pk": 191,
    "fields": {
      "username": "3051215066",
      "password": "3051215066",
      "email": "vru@vru.ac.ir"
    }
  },
  {
    "model": "auth.user",
    "pk": 192,
    "fields": {
      "username": "452626481",
      "password": "452626481",
      "email": "vru@vru.ac.ir"
    }
  },
  {
    "model": "auth.user",
    "pk": 193,
    "fields": {
      "username": "3052088084",
      "password": "3052088084",
      "email": "vru@vru.ac.ir"
    }
  },
  {
    "model": "auth.user",
    "pk": 194,
    "fields": {
      "username": "3050118733",
      "password": "3050118733",
      "email": "vru@vru.ac.ir"
    }
  },
  {
    "model": "auth.user",
    "pk": 195,
    "fields": {
      "username": "54399505",
      "password": "54399505",
      "email": "vru@vru.ac.ir"
    }
  },
  {
    "model": "auth.user",
    "pk": 196,
    "fields": {
      "username": "3051092231",
      "password": "3051092231",
      "email": "vru@vru.ac.ir"
    }
  },
  {
    "model": "auth.user",
    "pk": 197,
    "fields": {
      "username": "6079797712",
      "password": "6079797712",
      "email": "vru@vru.ac.ir"
    }
  },
  {
    "model": "auth.user",
    "pk": 198,
    "fields": {
      "username": "4432797551",
      "password": "4432797551",
      "email": "vru@vru.ac.ir"
    }
  },
  {
    "model": "auth.user",
    "pk": 199,
    "fields": {
      "username": "4432788852",
      "password": "4432788852",
      "email": "vru@vru.ac.ir"
    }
  },
  {
    "model": "auth.user",
    "pk": 200,
    "fields": {
      "username": "3131491183",
      "password": "3131491183",
      "email": "vru@vru.ac.ir"
    }
  },
  {
    "model": "auth.user",
    "pk": 201,
    "fields": {
      "username": "3050121254",
      "password": "3050121254",
      "email": "vru@vru.ac.ir"
    }
  },
  {
    "model": "auth.user",
    "pk": 202,
    "fields": {
      "username": "2649231653",
      "password": "2649231653",
      "email": "vru@vru.ac.ir"
    }
  },
  {
    "model": "auth.user",
    "pk": 203,
    "fields": {
      "username": "3031324471",
      "password": "3031324471",
      "email": "vru@vru.ac.ir"
    }
  },
  {
    "model": "auth.user",
    "pk": 204,
    "fields": {
      "username": "3052129597",
      "password": "3052129597",
      "email": "vru@vru.ac.ir"
    }
  },
  {
    "model": "auth.user",
    "pk": 205,
    "fields": {
      "username": "3051200433",
      "password": "3051200433",
      "email": "vru@vru.ac.ir"
    }
  },
  {
    "model": "auth.user",
    "pk": 206,
    "fields": {
      "username": "898889708",
      "password": "898889708",
      "email": "vru@vru.ac.ir"
    }
  },
  {
    "model": "auth.user",
    "pk": 207,
    "fields": {
      "username": "69014906",
      "password": "69014906",
      "email": "vru@vru.ac.ir"
    }
  },
  {
    "model": "auth.user",
    "pk": 208,
    "fields": {
      "username": "2992625760",
      "password": "2992625760",
      "email": "vru@vru.ac.ir"
    }
  },
  {
    "model": "auth.user",
    "pk": 209,
    "fields": {
      "username": "3131476079",
      "password": "3131476079",
      "email": "vru@vru.ac.ir"
    }
  },
  {
    "model": "auth.user",
    "pk": 210,
    "fields": {
      "username": "3050126231",
      "password": "3050126231",
      "email": "vru@vru.ac.ir"
    }
  },
  {
    "model": "auth.user",
    "pk": 211,
    "fields": {
      "username": "3051457086",
      "password": "3051457086",
      "email": "vru@vru.ac.ir"
    }
  },
  {
    "model": "auth.user",
    "pk": 212,
    "fields": {
      "username": "3051375756",
      "password": "3051375756",
      "email": "vru@vru.ac.ir"
    }
  },
  {
    "model": "auth.user",
    "pk": 213,
    "fields": {
      "username": "2298141568",
      "password": "2298141568",
      "email": "vru@vru.ac.ir"
    }
  },
  {
    "model": "auth.user",
    "pk": 214,
    "fields": {
      "username": "5429819409",
      "password": "5429819409",
      "email": "vru@vru.ac.ir"
    }
  },
  {
    "model": "auth.user",
    "pk": 215,
    "fields": {
      "username": "3051102962",
      "password": "3051102962",
      "email": "vru@vru.ac.ir"
    }
  },
  {
    "model": "auth.user",
    "pk": 216,
    "fields": {
      "username": "3050544821",
      "password": "3050544821",
      "email": "vru@vru.ac.ir"
    }
  },
  {
    "model": "auth.user",
    "pk": 217,
    "fields": {
      "username": "3051175080",
      "password": "3051175080",
      "email": "vru@vru.ac.ir"
    }
  },
  {
    "model": "auth.user",
    "pk": 218,
    "fields": {
      "username": "3051152307",
      "password": "3051152307",
      "email": "vru@vru.ac.ir"
    }
  },
  {
    "model": "auth.user",
    "pk": 219,
    "fields": {
      "username": "3050536586",
      "password": "3050536586",
      "email": "vru@vru.ac.ir"
    }
  },
  {
    "model": "auth.user",
    "pk": 220,
    "fields": {
      "username": "653026617",
      "password": "653026617",
      "email": "vru@vru.ac.ir"
    }
  },
  {
    "model": "auth.user",
    "pk": 221,
    "fields": {
      "username": "3052265075",
      "password": "3052265075",
      "email": "vru@vru.ac.ir"
    }
  },
  {
    "model": "auth.user",
    "pk": 222,
    "fields": {
      "username": "3051757047",
      "password": "3051757047",
      "email": "vru@vru.ac.ir"
    }
  },
  {
    "model": "auth.user",
    "pk": 223,
    "fields": {
      "username": "3051761516",
      "password": "3051761516",
      "email": "vru@vru.ac.ir"
    }
  },
  {
    "model": "auth.user",
    "pk": 224,
    "fields": {
      "username": "3050071710",
      "password": "3050071710",
      "email": "vru@vru.ac.ir"
    }
  },
  {
    "model": "auth.user",
    "pk": 225,
    "fields": {
      "username": "3050512301",
      "password": "3050512301",
      "email": "vru@vru.ac.ir"
    }
  },
  {
    "model": "auth.user",
    "pk": 226,
    "fields": {
      "username": "hraskari",
      "password": "hraskari",
      "email": "vru@vru.ac.ir"
    }
  },
  {
    "model": "auth.user",
    "pk": 227,
    "fields": {
      "username": "3050876174",
      "password": "3050876174",
      "email": "vru@vru.ac.ir"
    }
  },
  {
    "model": "auth.user",
    "pk": 228,
    "fields": {
      "username": "1322",
      "password": "1322",
      "email": "vru@vru.ac.ir"
    }
  },
  {
    "model": "auth.user",
    "pk": 229,
    "fields": {
      "username": "2679162781",
      "password": "2679162781",
      "email": "vru@vru.ac.ir"
    }
  },
  {
    "model": "auth.user",
    "pk": 230,
    "fields": {
      "username": "2991824441",
      "password": "2991824441",
      "email": "vru@vru.ac.ir"
    }
  },
  {
    "model": "auth.user",
    "pk": 231,
    "fields": {
      "username": "2991527358",
      "password": "2991527358",
      "email": "vru@vru.ac.ir"
    }
  },
  {
    "model": "auth.user",
    "pk": 232,
    "fields": {
      "username": "4431682848",
      "password": "4431682848",
      "email": "vru@vru.ac.ir"
    }
  },
  {
    "model": "auth.user",
    "pk": 233,
    "fields": {
      "username": "3209679241",
      "password": "3209679241",
      "email": "vru@vru.ac.ir"
    }
  },
  {
    "model": "auth.user",
    "pk": 234,
    "fields": {
      "username": "6179083983",
      "password": "6179083983",
      "email": "vru@vru.ac.ir"
    }
  },
  {
    "model": "auth.user",
    "pk": 235,
    "fields": {
      "username": "3050274700",
      "password": "3050274700",
      "email": "vru@vru.ac.ir"
    }
  },
  {
    "model": "auth.user",
    "pk": 236,
    "fields": {
      "username": "2991595981",
      "password": "2991595981",
      "email": "vru@vru.ac.ir"
    }
  },
  {
    "model": "auth.user",
    "pk": 237,
    "fields": {
      "username": "3149159679",
      "password": "3149159679",
      "email": "vru@vru.ac.ir"
    }
  },
  {
    "model": "auth.user",
    "pk": 238,
    "fields": {
      "username": "3149471060",
      "password": "3149471060",
      "email": "vru@vru.ac.ir"
    }
  },
  {
    "model": "auth.user",
    "pk": 239,
    "fields": {
      "username": "5409734033",
      "password": "5409734033",
      "email": "vru@vru.ac.ir"
    }
  },
  {
    "model": "auth.user",
    "pk": 240,
    "fields": {
      "username": "69996466",
      "password": "69996466",
      "email": "vru@vru.ac.ir"
    }
  },
  {
    "model": "auth.user",
    "pk": 241,
    "fields": {
      "username": "2992635103",
      "password": "2992635103",
      "email": "vru@vru.ac.ir"
    }
  },
  {
    "model": "auth.user",
    "pk": 242,
    "fields": {
      "username": "2992683019",
      "password": "2992683019",
      "email": "vru@vru.ac.ir"
    }
  },
  {
    "model": "auth.user",
    "pk": 243,
    "fields": {
      "username": "4284180517",
      "password": "4284180517",
      "email": "vru@vru.ac.ir"
    }
  },
  {
    "model": "auth.user",
    "pk": 244,
    "fields": {
      "username": "3051224561",
      "password": "3051224561",
      "email": "vru@vru.ac.ir"
    }
  },
  {
    "model": "auth.user",
    "pk": 245,
    "fields": {
      "username": "3051859427",
      "password": "3051859427",
      "email": "vru@vru.ac.ir"
    }
  },
  {
    "model": "auth.user",
    "pk": 246,
    "fields": {
      "username": "3051117749",
      "password": "3051117749",
      "email": "vru@vru.ac.ir"
    }
  },
  {
    "model": "auth.user",
    "pk": 247,
    "fields": {
      "username": "3051270695",
      "password": "3051270695",
      "email": "vru@vru.ac.ir"
    }
  },
  {
    "model": "auth.user",
    "pk": 248,
    "fields": {
      "username": "5429956864",
      "password": "5429956864",
      "email": "vru@vru.ac.ir"
    }
  },
  {
    "model": "auth.user",
    "pk": 249,
    "fields": {
      "username": "2990640088",
      "password": "2990640088",
      "email": "vru@vru.ac.ir"
    }
  },
  {
    "model": "auth.user",
    "pk": 250,
    "fields": {
      "username": "dabir",
      "password": "dabir",
      "email": "vru@vru.ac.ir"
    }
  },
  {
    "model": "auth.user",
    "pk": 251,
    "fields": {
      "username": "3131488700",
      "password": "3131488700",
      "email": "vru@vru.ac.ir"
    }
  },
  {
    "model": "auth.user",
    "pk": 252,
    "fields": {
      "username": "3051785581",
      "password": "3051785581",
      "email": "vru@vru.ac.ir"
    }
  },
  {
    "model": "auth.user",
    "pk": 253,
    "fields": {
      "username": "2993712586",
      "password": "2993712586",
      "email": "vru@vru.ac.ir"
    }
  },
  {
    "model": "auth.user",
    "pk": 254,
    "fields": {
      "username": "3051276669",
      "password": "3051276669",
      "email": "vru@vru.ac.ir"
    }
  },
  {
    "model": "auth.user",
    "pk": 255,
    "fields": {
      "username": "3051172146",
      "password": "3051172146",
      "email": "vru@vru.ac.ir"
    }
  },
  {
    "model": "auth.user",
    "pk": 256,
    "fields": {
      "username": "2121614801",
      "password": "2121614801",
      "email": "vru@vru.ac.ir"
    }
  },
  {
    "model": "auth.user",
    "pk": 257,
    "fields": {
      "username": "3050651271",
      "password": "3050651271",
      "email": "vru@vru.ac.ir"
    }
  },
  {
    "model": "auth.user",
    "pk": 258,
    "fields": {
      "username": "2992167444",
      "password": "2992167444",
      "email": "vru@vru.ac.ir"
    }
  },
  {
    "model": "auth.user",
    "pk": 259,
    "fields": {
      "username": "3051114601",
      "password": "3051114601",
      "email": "vru@vru.ac.ir"
    }
  },
  {
    "model": "auth.user",
    "pk": 260,
    "fields": {
      "username": "3131447796",
      "password": "3131447796",
      "email": "vru@vru.ac.ir"
    }
  },
  {
    "model": "auth.user",
    "pk": 261,
    "fields": {
      "username": "3051929621",
      "password": "3051929621",
      "email": "vru@vru.ac.ir"
    }
  },
  {
    "model": "auth.user",
    "pk": 262,
    "fields": {
      "username": "451705841",
      "password": "451705841",
      "email": "vru@vru.ac.ir"
    }
  },
  {
    "model": "auth.user",
    "pk": 263,
    "fields": {
      "username": "3050139293",
      "password": "3050139293",
      "email": "vru@vru.ac.ir"
    }
  },
  {
    "model": "auth.user",
    "pk": 264,
    "fields": {
      "username": "3130255346",
      "password": "3130255346",
      "email": "vru@vru.ac.ir"
    }
  },
  {
    "model": "auth.user",
    "pk": 265,
    "fields": {
      "username": "3031775600",
      "password": "3031775600",
      "email": "vru@vru.ac.ir"
    }
  },
  {
    "model": "auth.user",
    "pk": 266,
    "fields": {
      "username": "5839685100",
      "password": "5839685100",
      "email": "vru@vru.ac.ir"
    }
  },
  {
    "model": "auth.user",
    "pk": 267,
    "fields": {
      "username": "4432243708",
      "password": "4432243708",
      "email": "vru@vru.ac.ir"
    }
  },
  {
    "model": "auth.user",
    "pk": 268,
    "fields": {
      "username": "5429819034",
      "password": "5429819034",
      "email": "vru@vru.ac.ir"
    }
  },
  {
    "model": "auth.user",
    "pk": 269,
    "fields": {
      "username": "1209623501",
      "password": "1209623501",
      "email": "vru@vru.ac.ir"
    }
  },
  {
    "model": "auth.user",
    "pk": 270,
    "fields": {
      "username": "2299618562",
      "password": "2299618562",
      "email": "vru@vru.ac.ir"
    }
  },
  {
    "model": "auth.user",
    "pk": 271,
    "fields": {
      "username": "3051284831",
      "password": "3051284831",
      "email": "vru@vru.ac.ir"
    }
  },
  {
    "model": "auth.user",
    "pk": 272,
    "fields": {
      "username": "3051228257",
      "password": "3051228257",
      "email": "vru@vru.ac.ir"
    }
  },
  {
    "model": "auth.user",
    "pk": 273,
    "fields": {
      "username": "3051752525",
      "password": "3051752525",
      "email": "vru@vru.ac.ir"
    }
  },
  {
    "model": "auth.user",
    "pk": 274,
    "fields": {
      "username": "3051189911",
      "password": "3051189911",
      "email": "vru@vru.ac.ir"
    }
  },
  {
    "model": "auth.user",
    "pk": 275,
    "fields": {
      "username": "master",
      "password": "master",
      "email": "vru@vru.ac.ir"
    }
  },
  {
    "model": "auth.user",
    "pk": 276,
    "fields": {
      "username": "3149910234",
      "password": "3149910234",
      "email": "vru@vru.ac.ir"
    }
  },
  {
    "model": "auth.user",
    "pk": 277,
    "fields": {
      "username": "6359579847",
      "password": "6359579847",
      "email": "vru@vru.ac.ir"
    }
  },
  {
    "model": "auth.user",
    "pk": 278,
    "fields": {
      "username": "3050460105",
      "password": "3050460105",
      "email": "vru@vru.ac.ir"
    }
  },
  {
    "model": "auth.user",
    "pk": 279,
    "fields": {
      "username": "901231681",
      "password": "901231681",
      "email": "vru@vru.ac.ir"
    }
  },
  {
    "model": "auth.user",
    "pk": 280,
    "fields": {
      "username": "3051340723",
      "password": "3051340723",
      "email": "vru@vru.ac.ir"
    }
  },
  {
    "model": "auth.user",
    "pk": 281,
    "fields": {
      "username": "1288942567",
      "password": "1288942567",
      "email": "vru@vru.ac.ir"
    }
  },
  {
    "model": "auth.user",
    "pk": 282,
    "fields": {
      "username": "3051770922",
      "password": "3051770922",
      "email": "vru@vru.ac.ir"
    }
  },
  {
    "model": "auth.user",
    "pk": 283,
    "fields": {
      "username": "3050157836",
      "password": "3050157836",
      "email": "vru@vru.ac.ir"
    }
  },
  {
    "model": "auth.user",
    "pk": 284,
    "fields": {
      "username": "3051338729",
      "password": "3051338729",
      "email": "vru@vru.ac.ir"
    }
  },
  {
    "model": "auth.user",
    "pk": 285,
    "fields": {
      "username": "3050274468",
      "password": "3050274468",
      "email": "vru@vru.ac.ir"
    }
  },
  {
    "model": "auth.user",
    "pk": 286,
    "fields": {
      "username": "5629611798",
      "password": "5629611798",
      "email": "vru@vru.ac.ir"
    }
  },
  {
    "model": "auth.user",
    "pk": 287,
    "fields": {
      "username": "3149865212",
      "password": "3149865212",
      "email": "vru@vru.ac.ir"
    }
  },
  {
    "model": "auth.user",
    "pk": 288,
    "fields": {
      "username": "2993877968",
      "password": "2993877968",
      "email": "vru@vru.ac.ir"
    }
  },
  {
    "model": "auth.user",
    "pk": 289,
    "fields": {
      "username": "1189923165",
      "password": "1189923165",
      "email": "vru@vru.ac.ir"
    }
  },
  {
    "model": "auth.user",
    "pk": 290,
    "fields": {
      "username": "3130917829",
      "password": "3130917829",
      "email": "vru@vru.ac.ir"
    }
  },
  {
    "model": "auth.user",
    "pk": 291,
    "fields": {
      "username": "3051220541",
      "password": "3051220541",
      "email": "vru@vru.ac.ir"
    }
  },
  {
    "model": "auth.user",
    "pk": 292,
    "fields": {
      "username": "2992487295",
      "password": "2992487295",
      "email": "vru@vru.ac.ir"
    }
  },
  {
    "model": "auth.user",
    "pk": 293,
    "fields": {
      "username": "3070525644",
      "password": "3070525644",
      "email": "vru@vru.ac.ir"
    }
  },
  {
    "model": "auth.user",
    "pk": 294,
    "fields": {
      "username": "3052170597",
      "password": "3052170597",
      "email": "vru@vru.ac.ir"
    }
  },
  {
    "model": "auth.user",
    "pk": 295,
    "fields": {
      "username": "3071567510",
      "password": "3071567510",
      "email": "vru@vru.ac.ir"
    }
  },
  {
    "model": "auth.user",
    "pk": 296,
    "fields": {
      "username": "2992601640",
      "password": "2992601640",
      "email": "vru@vru.ac.ir"
    }
  },
  {
    "model": "auth.user",
    "pk": 297,
    "fields": {
      "username": "2391697376",
      "password": "2391697376",
      "email": "vru@vru.ac.ir"
    }
  },
  {
    "model": "auth.user",
    "pk": 298,
    "fields": {
      "username": "3071008066",
      "password": "3071008066",
      "email": "vru@vru.ac.ir"
    }
  },
  {
    "model": "auth.user",
    "pk": 299,
    "fields": {
      "username": "930766288",
      "password": "930766288",
      "email": "vru@vru.ac.ir"
    }
  },
  {
    "model": "auth.user",
    "pk": 300,
    "fields": {
      "username": "3052000470",
      "password": "3052000470",
      "email": "vru@vru.ac.ir"
    }
  },
  {
    "model": "auth.user",
    "pk": 301,
    "fields": {
      "username": "5839884391",
      "password": "5839884391",
      "email": "vru@vru.ac.ir"
    }
  },
  {
    "model": "auth.user",
    "pk": 302,
    "fields": {
      "username": "1285729366",
      "password": "1285729366",
      "email": "vru@vru.ac.ir"
    }
  },
  {
    "model": "auth.user",
    "pk": 303,
    "fields": {
      "username": "3149091616",
      "password": "3149091616",
      "email": "vru@vru.ac.ir"
    }
  },
  {
    "model": "auth.user",
    "pk": 304,
    "fields": {
      "username": "3050438266",
      "password": "3050438266",
      "email": "vru@vru.ac.ir"
    }
  },
  {
    "model": "auth.user",
    "pk": 305,
    "fields": {
      "username": "3051111368",
      "password": "3051111368",
      "email": "vru@vru.ac.ir"
    }
  },
  {
    "model": "auth.user",
    "pk": 306,
    "fields": {
      "username": "3050247703",
      "password": "3050247703",
      "email": "vru@vru.ac.ir"
    }
  },
  {
    "model": "auth.user",
    "pk": 307,
    "fields": {
      "username": "3050247711",
      "password": "3050247711",
      "email": "vru@vru.ac.ir"
    }
  },
  {
    "model": "auth.user",
    "pk": 308,
    "fields": {
      "username": "3051569860",
      "password": "3051569860",
      "email": "vru@vru.ac.ir"
    }
  },
  {
    "model": "auth.user",
    "pk": 309,
    "fields": {
      "username": "3051159557",
      "password": "3051159557",
      "email": "vru@vru.ac.ir"
    }
  },
  {
    "model": "auth.user",
    "pk": 310,
    "fields": {
      "username": "3051133043",
      "password": "3051133043",
      "email": "vru@vru.ac.ir"
    }
  },
  {
    "model": "auth.user",
    "pk": 311,
    "fields": {
      "username": "3050306459",
      "password": "3050306459",
      "email": "vru@vru.ac.ir"
    }
  },
  {
    "model": "auth.user",
    "pk": 312,
    "fields": {
      "username": "3050291508",
      "password": "3050291508",
      "email": "vru@vru.ac.ir"
    }
  },
  {
    "model": "auth.user",
    "pk": 313,
    "fields": {
      "username": "3051213276",
      "password": "3051213276",
      "email": "vru@vru.ac.ir"
    }
  },
  {
    "model": "auth.user",
    "pk": 314,
    "fields": {
      "username": "3051243213",
      "password": "3051243213",
      "email": "vru@vru.ac.ir"
    }
  },
  {
    "model": "auth.user",
    "pk": 315,
    "fields": {
      "username": "5039762811",
      "password": "5039762811",
      "email": "vru@vru.ac.ir"
    }
  },
  {
    "model": "auth.user",
    "pk": 316,
    "fields": {
      "username": "900516623",
      "password": "900516623",
      "email": "vru@vru.ac.ir"
    }
  },
  {
    "model": "auth.user",
    "pk": 317,
    "fields": {
      "username": "1062633121",
      "password": "1062633121",
      "email": "vru@vru.ac.ir"
    }
  },
  {
    "model": "auth.user",
    "pk": 318,
    "fields": {
      "username": "3051943088",
      "password": "3051943088",
      "email": "vru@vru.ac.ir"
    }
  },
  {
    "model": "auth.user",
    "pk": 319,
    "fields": {
      "username": "828012911",
      "password": "828012911",
      "email": "vru@vru.ac.ir"
    }
  },
  {
    "model": "auth.user",
    "pk": 320,
    "fields": {
      "username": "3091224953",
      "password": "3091224953",
      "email": "vru@vru.ac.ir"
    }
  },
  {
    "model": "auth.user",
    "pk": 321,
    "fields": {
      "username": "3051612766",
      "password": "3051612766",
      "email": "vru@vru.ac.ir"
    }
  },
  {
    "model": "auth.user",
    "pk": 322,
    "fields": {
      "username": "3091119661",
      "password": "3091119661",
      "email": "vru@vru.ac.ir"
    }
  },
  {
    "model": "auth.user",
    "pk": 323,
    "fields": {
      "username": "4910902767",
      "password": "4910902767",
      "email": "vru@vru.ac.ir"
    }
  },
  {
    "model": "auth.user",
    "pk": 324,
    "fields": {
      "username": "3050088060",
      "password": "3050088060",
      "email": "vru@vru.ac.ir"
    }
  },
  {
    "model": "auth.user",
    "pk": 325,
    "fields": {
      "username": "omana",
      "password": "omana",
      "email": "vru@vru.ac.ir"
    }
  },
  {
    "model": "auth.user",
    "pk": 326,
    "fields": {
      "username": "educat",
      "password": "educat",
      "email": "vru@vru.ac.ir"
    }
  },
  {
    "model": "auth.user",
    "pk": 327,
    "fields": {
      "username": "651935253",
      "password": "651935253",
      "email": "vru@vru.ac.ir"
    }
  },
  {
    "model": "auth.user",
    "pk": 328,
    "fields": {
      "username": "3051617687",
      "password": "3051617687",
      "email": "vru@vru.ac.ir"
    }
  },
  {
    "model": "auth.user",
    "pk": 329,
    "fields": {
      "username": "3179938072",
      "password": "3179938072",
      "email": "vru@vru.ac.ir"
    }
  },
  {
    "model": "auth.user",
    "pk": 330,
    "fields": {
      "username": "3051387835",
      "password": "3051387835",
      "email": "vru@vru.ac.ir"
    }
  },
  {
    "model": "auth.user",
    "pk": 331,
    "fields": {
      "username": "3050480203",
      "password": "3050480203",
      "email": "vru@vru.ac.ir"
    }
  },
  {
    "model": "auth.user",
    "pk": 332,
    "fields": {
      "username": "3179131403",
      "password": "3179131403",
      "email": "vru@vru.ac.ir"
    }
  },
  {
    "model": "auth.user",
    "pk": 333,
    "fields": {
      "username": "3051302236",
      "password": "3051302236",
      "email": "vru@vru.ac.ir"
    }
  },
  {
    "model": "auth.user",
    "pk": 334,
    "fields": {
      "username": "2992053007",
      "password": "2992053007",
      "email": "vru@vru.ac.ir"
    }
  },
  {
    "model": "auth.user",
    "pk": 335,
    "fields": {
      "username": "3051850950",
      "password": "3051850950",
      "email": "vru@vru.ac.ir"
    }
  },
  {
    "model": "auth.user",
    "pk": 336,
    "fields": {
      "username": "3149756715",
      "password": "3149756715",
      "email": "vru@vru.ac.ir"
    }
  },
  {
    "model": "auth.user",
    "pk": 337,
    "fields": {
      "username": "2992159786",
      "password": "2992159786",
      "email": "vru@vru.ac.ir"
    }
  },
  {
    "model": "auth.user",
    "pk": 338,
    "fields": {
      "username": "58470808",
      "password": "58470808",
      "email": "vru@vru.ac.ir"
    }
  },
  {
    "model": "auth.user",
    "pk": 339,
    "fields": {
      "username": "1829106376",
      "password": "1829106376",
      "email": "vru@vru.ac.ir"
    }
  },
  {
    "model": "auth.user",
    "pk": 340,
    "fields": {
      "username": "3051254312",
      "password": "3051254312",
      "email": "vru@vru.ac.ir"
    }
  },
  {
    "model": "auth.user",
    "pk": 341,
    "fields": {
      "username": "30513059",
      "password": "30513059",
      "email": "vru@vru.ac.ir"
    }
  },
  {
    "model": "auth.user",
    "pk": 342,
    "fields": {
      "username": "3051305995",
      "password": "3051305995",
      "email": "vru@vru.ac.ir"
    }
  },
  {
    "model": "auth.user",
    "pk": 343,
    "fields": {
      "username": "1755790686",
      "password": "1755790686",
      "email": "vru@vru.ac.ir"
    }
  },
  {
    "model": "auth.user",
    "pk": 344,
    "fields": {
      "username": "3621110380",
      "password": "3621110380",
      "email": "vru@vru.ac.ir"
    }
  },
  {
    "model": "auth.user",
    "pk": 345,
    "fields": {
      "username": "3051766208",
      "password": "3051766208",
      "email": "vru@vru.ac.ir"
    }
  },
  {
    "model": "auth.user",
    "pk": 346,
    "fields": {
      "username": "3091182274",
      "password": "3091182274",
      "email": "vru@vru.ac.ir"
    }
  },
  {
    "model": "auth.user",
    "pk": 347,
    "fields": {
      "username": "2990572147",
      "password": "2990572147",
      "email": "vru@vru.ac.ir"
    }
  },
  {
    "model": "auth.user",
    "pk": 348,
    "fields": {
      "username": "2993281151",
      "password": "2993281151",
      "email": "vru@vru.ac.ir"
    }
  },
  {
    "model": "auth.user",
    "pk": 349,
    "fields": {
      "username": "3051312479",
      "password": "3051312479",
      "email": "vru@vru.ac.ir"
    }
  },
  {
    "model": "auth.user",
    "pk": 350,
    "fields": {
      "username": "3050132175",
      "password": "3050132175",
      "email": "vru@vru.ac.ir"
    }
  },
  {
    "model": "auth.user",
    "pk": 351,
    "fields": {
      "username": "5429759228",
      "password": "5429759228",
      "email": "vru@vru.ac.ir"
    }
  },
  {
    "model": "auth.user",
    "pk": 352,
    "fields": {
      "username": "3050476796",
      "password": "3050476796",
      "email": "vru@vru.ac.ir"
    }
  },
  {
    "model": "auth.user",
    "pk": 353,
    "fields": {
      "username": "3051410888",
      "password": "3051410888",
      "email": "vru@vru.ac.ir"
    }
  },
  {
    "model": "auth.user",
    "pk": 354,
    "fields": {
      "username": "2291063995",
      "password": "2291063995",
      "email": "vru@vru.ac.ir"
    }
  },
  {
    "model": "auth.user",
    "pk": 355,
    "fields": {
      "username": "3051739324",
      "password": "3051739324",
      "email": "vru@vru.ac.ir"
    }
  },
  {
    "model": "auth.user",
    "pk": 356,
    "fields": {
      "username": "5429832197",
      "password": "5429832197",
      "email": "vru@vru.ac.ir"
    }
  },
  {
    "model": "auth.user",
    "pk": 357,
    "fields": {
      "username": "5429833002",
      "password": "5429833002",
      "email": "vru@vru.ac.ir"
    }
  },
  {
    "model": "auth.user",
    "pk": 358,
    "fields": {
      "username": "3051456985",
      "password": "3051456985",
      "email": "vru@vru.ac.ir"
    }
  },
  {
    "model": "auth.user",
    "pk": 359,
    "fields": {
      "username": "3051220612",
      "password": "3051220612",
      "email": "vru@vru.ac.ir"
    }
  },
  {
    "model": "auth.user",
    "pk": 360,
    "fields": {
      "username": "3052026003",
      "password": "3052026003",
      "email": "vru@vru.ac.ir"
    }
  },
  {
    "model": "auth.user",
    "pk": 361,
    "fields": {
      "username": "ghb",
      "password": "ghb",
      "email": "vru@vru.ac.ir"
    }
  },
  {
    "model": "auth.user",
    "pk": 362,
    "fields": {
      "username": "1861236344",
      "password": "1861236344",
      "email": "vru@vru.ac.ir"
    }
  },
  {
    "model": "auth.user",
    "pk": 363,
    "fields": {
      "username": "3052106661",
      "password": "3052106661",
      "email": "vru@vru.ac.ir"
    }
  },
  {
    "model": "auth.user",
    "pk": 364,
    "fields": {
      "username": "3051189049",
      "password": "3051189049",
      "email": "vru@vru.ac.ir"
    }
  },
  {
    "model": "auth.user",
    "pk": 365,
    "fields": {
      "username": "3051936464",
      "password": "3051936464",
      "email": "vru@vru.ac.ir"
    }
  },
  {
    "model": "auth.user",
    "pk": 366,
    "fields": {
      "username": "3050624337",
      "password": "3050624337",
      "email": "vru@vru.ac.ir"
    }
  },
  {
    "model": "auth.user",
    "pk": 367,
    "fields": {
      "username": "3052125230",
      "password": "3052125230",
      "email": "vru@vru.ac.ir"
    }
  },
  {
    "model": "auth.user",
    "pk": 368,
    "fields": {
      "username": "3149470919",
      "password": "3149470919",
      "email": "vru@vru.ac.ir"
    }
  },
  {
    "model": "auth.user",
    "pk": 369,
    "fields": {
      "username": "1882073657",
      "password": "1882073657",
      "email": "vru@vru.ac.ir"
    }
  },
  {
    "model": "auth.user",
    "pk": 370,
    "fields": {
      "username": "3149188830",
      "password": "3149188830",
      "email": "vru@vru.ac.ir"
    }
  },
  {
    "model": "auth.user",
    "pk": 371,
    "fields": {
      "username": "3051416320",
      "password": "3051416320",
      "email": "vru@vru.ac.ir"
    }
  },
  {
    "model": "auth.user",
    "pk": 372,
    "fields": {
      "username": "3071775628",
      "password": "3071775628",
      "email": "vru@vru.ac.ir"
    }
  },
  {
    "model": "auth.user",
    "pk": 373,
    "fields": {
      "username": "1239969651",
      "password": "1239969651",
      "email": "vru@vru.ac.ir"
    }
  },
  {
    "model": "auth.user",
    "pk": 374,
    "fields": {
      "username": "3051256692",
      "password": "3051256692",
      "email": "vru@vru.ac.ir"
    }
  },
  {
    "model": "auth.user",
    "pk": 375,
    "fields": {
      "username": "1061194639",
      "password": "1061194639",
      "email": "vru@vru.ac.ir"
    }
  },
  {
    "model": "auth.user",
    "pk": 376,
    "fields": {
      "username": "2529902550",
      "password": "2529902550",
      "email": "vru@vru.ac.ir"
    }
  },
  {
    "model": "auth.user",
    "pk": 377,
    "fields": {
      "username": "6810042660",
      "password": "6810042660",
      "email": "vru@vru.ac.ir"
    }
  },
  {
    "model": "auth.user",
    "pk": 378,
    "fields": {
      "username": "3051725765",
      "password": "3051725765",
      "email": "vru@vru.ac.ir"
    }
  },
  {
    "model": "auth.user",
    "pk": 379,
    "fields": {
      "username": "2991359579",
      "password": "2991359579",
      "email": "vru@vru.ac.ir"
    }
  },
  {
    "model": "auth.user",
    "pk": 380,
    "fields": {
      "username": "fanavari",
      "password": "fanavari",
      "email": "vru@vru.ac.ir"
    }
  },
  {
    "model": "auth.user",
    "pk": 381,
    "fields": {
      "username": "3051337897",
      "password": "3051337897",
      "email": "vru@vru.ac.ir"
    }
  },
  {
    "model": "auth.user",
    "pk": 382,
    "fields": {
      "username": "3050181974",
      "password": "3050181974",
      "email": "vru@vru.ac.ir"
    }
  },
  {
    "model": "auth.user",
    "pk": 383,
    "fields": {
      "username": "3050181966",
      "password": "3050181966",
      "email": "vru@vru.ac.ir"
    }
  },
  {
    "model": "auth.user",
    "pk": 384,
    "fields": {
      "username": "3050072385",
      "password": "3050072385",
      "email": "vru@vru.ac.ir"
    }
  },
  {
    "model": "auth.user",
    "pk": 385,
    "fields": {
      "username": "5859762569",
      "password": "5859762569",
      "email": "vru@vru.ac.ir"
    }
  },
  {
    "model": "auth.user",
    "pk": 386,
    "fields": {
      "username": "3040052098",
      "password": "3040052098",
      "email": "vru@vru.ac.ir"
    }
  },
  {
    "model": "auth.user",
    "pk": 387,
    "fields": {
      "username": "6519539309",
      "password": "6519539309",
      "email": "vru@vru.ac.ir"
    }
  },
  {
    "model": "auth.user",
    "pk": 388,
    "fields": {
      "username": "3051224618",
      "password": "3051224618",
      "email": "vru@vru.ac.ir"
    }
  },
  {
    "model": "auth.user",
    "pk": 389,
    "fields": {
      "username": "3052084410",
      "password": "3052084410",
      "email": "vru@vru.ac.ir"
    }
  },
  {
    "model": "auth.user",
    "pk": 390,
    "fields": {
      "username": "3051579505",
      "password": "3051579505",
      "email": "vru@vru.ac.ir"
    }
  },
  {
    "model": "auth.user",
    "pk": 391,
    "fields": {
      "username": "70374759",
      "password": "70374759",
      "email": "vru@vru.ac.ir"
    }
  },
  {
    "model": "auth.user",
    "pk": 392,
    "fields": {
      "username": "3051124941",
      "password": "3051124941",
      "email": "vru@vru.ac.ir"
    }
  },
  {
    "model": "auth.user",
    "pk": 393,
    "fields": {
      "username": "3050644680",
      "password": "3050644680",
      "email": "vru@vru.ac.ir"
    }
  },
  {
    "model": "auth.user",
    "pk": 394,
    "fields": {
      "username": "5839889725",
      "password": "5839889725",
      "email": "vru@vru.ac.ir"
    }
  },
  {
    "model": "auth.user",
    "pk": 395,
    "fields": {
      "username": "3051383201",
      "password": "3051383201",
      "email": "vru@vru.ac.ir"
    }
  },
  {
    "model": "auth.user",
    "pk": 396,
    "fields": {
      "username": "3051192074",
      "password": "3051192074",
      "email": "vru@vru.ac.ir"
    }
  },
  {
    "model": "auth.user",
    "pk": 397,
    "fields": {
      "username": "2980077496",
      "password": "2980077496",
      "email": "vru@vru.ac.ir"
    }
  },
  {
    "model": "auth.user",
    "pk": 398,
    "fields": {
      "username": "3051401897",
      "password": "3051401897",
      "email": "vru@vru.ac.ir"
    }
  },
  {
    "model": "auth.user",
    "pk": 399,
    "fields": {
      "username": "3051586552",
      "password": "3051586552",
      "email": "vru@vru.ac.ir"
    }
  },
  {
    "model": "auth.user",
    "pk": 400,
    "fields": {
      "username": "2991786256",
      "password": "2991786256",
      "email": "vru@vru.ac.ir"
    }
  },
  {
    "model": "auth.user",
    "pk": 401,
    "fields": {
      "username": "3052056808",
      "password": "3052056808",
      "email": "vru@vru.ac.ir"
    }
  },
  {
    "model": "auth.user",
    "pk": 402,
    "fields": {
      "username": "3052154060",
      "password": "3052154060",
      "email": "vru@vru.ac.ir"
    }
  },
  {
    "model": "auth.user",
    "pk": 403,
    "fields": {
      "username": "2992701777",
      "password": "2992701777",
      "email": "vru@vru.ac.ir"
    }
  },
  {
    "model": "auth.user",
    "pk": 404,
    "fields": {
      "username": "3051167258",
      "password": "3051167258",
      "email": "vru@vru.ac.ir"
    }
  },
  {
    "model": "auth.user",
    "pk": 405,
    "fields": {
      "username": "2410590411",
      "password": "2410590411",
      "email": "vru@vru.ac.ir"
    }
  },
  {
    "model": "auth.user",
    "pk": 406,
    "fields": {
      "username": "839558351",
      "password": "839558351",
      "email": "vru@vru.ac.ir"
    }
  },
  {
    "model": "auth.user",
    "pk": 407,
    "fields": {
      "username": "3130074317",
      "password": "3130074317",
      "email": "vru@vru.ac.ir"
    }
  },
  {
    "model": "auth.user",
    "pk": 408,
    "fields": {
      "username": "3050168331",
      "password": "3050168331",
      "email": "vru@vru.ac.ir"
    }
  },
  {
    "model": "auth.user",
    "pk": 409,
    "fields": {
      "username": "2529819629",
      "password": "2529819629",
      "email": "vru@vru.ac.ir"
    }
  },
  {
    "model": "auth.user",
    "pk": 410,
    "fields": {
      "username": "62583557",
      "password": "62583557",
      "email": "vru@vru.ac.ir"
    }
  },
  {
    "model": "auth.user",
    "pk": 411,
    "fields": {
      "username": "2559504979",
      "password": "2559504979",
      "email": "vru@vru.ac.ir"
    }
  },
  {
    "model": "auth.user",
    "pk": 412,
    "fields": {
      "username": "3090837684",
      "password": "3090837684",
      "email": "vru@vru.ac.ir"
    }
  },
  {
    "model": "auth.user",
    "pk": 413,
    "fields": {
      "username": "2992201189",
      "password": "2992201189",
      "email": "vru@vru.ac.ir"
    }
  },
  {
    "model": "auth.user",
    "pk": 414,
    "fields": {
      "username": "3051322415",
      "password": "3051322415",
      "email": "vru@vru.ac.ir"
    }
  },
  {
    "model": "auth.user",
    "pk": 415,
    "fields": {
      "username": "2991603941",
      "password": "2991603941",
      "email": "vru@vru.ac.ir"
    }
  },
  {
    "model": "auth.user",
    "pk": 416,
    "fields": {
      "username": "5839883573",
      "password": "5839883573",
      "email": "vru@vru.ac.ir"
    }
  },
  {
    "model": "auth.user",
    "pk": 417,
    "fields": {
      "username": "mahjoei",
      "password": "mahjoei",
      "email": "vru@vru.ac.ir"
    }
  },
  {
    "model": "auth.user",
    "pk": 418,
    "fields": {
      "username": "6159860356",
      "password": "6159860356",
      "email": "vru@vru.ac.ir"
    }
  },
  {
    "model": "auth.user",
    "pk": 419,
    "fields": {
      "username": "460941392",
      "password": "460941392",
      "email": "vru@vru.ac.ir"
    }
  },
  {
    "model": "auth.user",
    "pk": 420,
    "fields": {
      "username": "4430516391",
      "password": "4430516391",
      "email": "vru@vru.ac.ir"
    }
  },
  {
    "model": "auth.user",
    "pk": 421,
    "fields": {
      "username": "3052085735",
      "password": "3052085735",
      "email": "vru@vru.ac.ir"
    }
  },
  {
    "model": "auth.user",
    "pk": 422,
    "fields": {
      "username": "3050185260",
      "password": "3050185260",
      "email": "vru@vru.ac.ir"
    }
  },
  {
    "model": "auth.user",
    "pk": 423,
    "fields": {
      "username": "3051274011",
      "password": "3051274011",
      "email": "vru@vru.ac.ir"
    }
  },
  {
    "model": "auth.user",
    "pk": 424,
    "fields": {
      "username": "3050856149",
      "password": "3050856149",
      "email": "vru@vru.ac.ir"
    }
  },
  {
    "model": "auth.user",
    "pk": 425,
    "fields": {
      "username": "3051394361",
      "password": "3051394361",
      "email": "vru@vru.ac.ir"
    }
  },
  {
    "model": "auth.user",
    "pk": 426,
    "fields": {
      "username": "872344371",
      "password": "872344371",
      "email": "vru@vru.ac.ir"
    }
  },
  {
    "model": "auth.user",
    "pk": 427,
    "fields": {
      "username": "3050153131",
      "password": "3050153131",
      "email": "vru@vru.ac.ir"
    }
  },
  {
    "model": "auth.user",
    "pk": 428,
    "fields": {
      "username": "4282513608",
      "password": "4282513608",
      "email": "vru@vru.ac.ir"
    }
  },
  {
    "model": "auth.user",
    "pk": 429,
    "fields": {
      "username": "2992703842",
      "password": "2992703842",
      "email": "vru@vru.ac.ir"
    }
  },
  {
    "model": "auth.user",
    "pk": 430,
    "fields": {
      "username": "70806586",
      "password": "70806586",
      "email": "vru@vru.ac.ir"
    }
  },
  {
    "model": "auth.user",
    "pk": 431,
    "fields": {
      "username": "2992745960",
      "password": "2992745960",
      "email": "vru@vru.ac.ir"
    }
  },
  {
    "model": "auth.user",
    "pk": 432,
    "fields": {
      "username": "3149754259",
      "password": "3149754259",
      "email": "vru@vru.ac.ir"
    }
  },
  {
    "model": "auth.user",
    "pk": 433,
    "fields": {
      "username": "3051948950",
      "password": "3051948950",
      "email": "vru@vru.ac.ir"
    }
  },
  {
    "model": "auth.user",
    "pk": 434,
    "fields": {
      "username": "3051281751",
      "password": "3051281751",
      "email": "vru@vru.ac.ir"
    }
  },
  {
    "model": "auth.user",
    "pk": 435,
    "fields": {
      "username": "651031117",
      "password": "651031117",
      "email": "vru@vru.ac.ir"
    }
  },
  {
    "model": "auth.user",
    "pk": 436,
    "fields": {
      "username": "3051208159",
      "password": "3051208159",
      "email": "vru@vru.ac.ir"
    }
  },
  {
    "model": "auth.user",
    "pk": 437,
    "fields": {
      "username": "322089611",
      "password": "322089611",
      "email": "vru@vru.ac.ir"
    }
  },
  {
    "model": "auth.user",
    "pk": 438,
    "fields": {
      "username": "322026601",
      "password": "322026601",
      "email": "vru@vru.ac.ir"
    }
  },
  {
    "model": "auth.user",
    "pk": 439,
    "fields": {
      "username": "2161883143",
      "password": "2161883143",
      "email": "vru@vru.ac.ir"
    }
  },
  {
    "model": "auth.user",
    "pk": 440,
    "fields": {
      "username": "3051252190",
      "password": "3051252190",
      "email": "vru@vru.ac.ir"
    }
  },
  {
    "model": "auth.user",
    "pk": 441,
    "fields": {
      "username": "3051247261",
      "password": "3051247261",
      "email": "vru@vru.ac.ir"
    }
  },
  {
    "model": "auth.user",
    "pk": 442,
    "fields": {
      "username": "3051182508",
      "password": "3051182508",
      "email": "vru@vru.ac.ir"
    }
  },
  {
    "model": "auth.user",
    "pk": 443,
    "fields": {
      "username": "1062727215",
      "password": "1062727215",
      "email": "vru@vru.ac.ir"
    }
  },
  {
    "model": "auth.user",
    "pk": 444,
    "fields": {
      "username": "3130944990",
      "password": "3130944990",
      "email": "vru@vru.ac.ir"
    }
  },
  {
    "model": "auth.user",
    "pk": 445,
    "fields": {
      "username": "fanavar",
      "password": "fanavar",
      "email": "vru@vru.ac.ir"
    }
  },
  {
    "model": "auth.user",
    "pk": 446,
    "fields": {
      "username": "3051597805",
      "password": "3051597805",
      "email": "vru@vru.ac.ir"
    }
  },
  {
    "model": "auth.user",
    "pk": 447,
    "fields": {
      "username": "3040172131",
      "password": "3040172131",
      "email": "vru@vru.ac.ir"
    }
  },
  {
    "model": "auth.user",
    "pk": 448,
    "fields": {
      "username": "3149147761",
      "password": "3149147761",
      "email": "vru@vru.ac.ir"
    }
  },
  {
    "model": "auth.user",
    "pk": 449,
    "fields": {
      "username": "3050514310",
      "password": "3050514310",
      "email": "vru@vru.ac.ir"
    }
  },
  {
    "model": "auth.user",
    "pk": 450,
    "fields": {
      "username": "3051858129",
      "password": "3051858129",
      "email": "vru@vru.ac.ir"
    }
  },
  {
    "model": "auth.user",
    "pk": 451,
    "fields": {
      "username": "3051312215",
      "password": "3051312215",
      "email": "vru@vru.ac.ir"
    }
  },
  {
    "model": "auth.user",
    "pk": 452,
    "fields": {
      "username": "3051167002",
      "password": "3051167002",
      "email": "vru@vru.ac.ir"
    }
  },
  {
    "model": "auth.user",
    "pk": 453,
    "fields": {
      "username": "3051140341",
      "password": "3051140341",
      "email": "vru@vru.ac.ir"
    }
  },
  {
    "model": "auth.user",
    "pk": 454,
    "fields": {
      "username": "roshd",
      "password": "roshd",
      "email": "vru@vru.ac.ir"
    }
  },
  {
    "model": "auth.user",
    "pk": 455,
    "fields": {
      "username": "3052210361",
      "password": "3052210361",
      "email": "vru@vru.ac.ir"
    }
  },
  {
    "model": "auth.user",
    "pk": 456,
    "fields": {
      "username": "5629674323",
      "password": "5629674323",
      "email": "vru@vru.ac.ir"
    }
  },
  {
    "model": "auth.user",
    "pk": 457,
    "fields": {
      "username": "3051240524",
      "password": "3051240524",
      "email": "vru@vru.ac.ir"
    }
  },
  {
    "model": "auth.user",
    "pk": 458,
    "fields": {
      "username": "3052040618",
      "password": "3052040618",
      "email": "vru@vru.ac.ir"
    }
  },
  {
    "model": "auth.user",
    "pk": 459,
    "fields": {
      "username": "2992616001",
      "password": "2992616001",
      "email": "vru@vru.ac.ir"
    }
  },
  {
    "model": "auth.user",
    "pk": 460,
    "fields": {
      "username": "3199970990",
      "password": "3199970990",
      "email": "vru@vru.ac.ir"
    }
  },
  {
    "model": "auth.user",
    "pk": 461,
    "fields": {
      "username": "3051402087",
      "password": "3051402087",
      "email": "vru@vru.ac.ir"
    }
  },
  {
    "model": "auth.user",
    "pk": 462,
    "fields": {
      "username": "3050452625",
      "password": "3050452625",
      "email": "vru@vru.ac.ir"
    }
  },
  {
    "model": "auth.user",
    "pk": 463,
    "fields": {
      "username": "3050100222",
      "password": "3050100222",
      "email": "vru@vru.ac.ir"
    }
  },
  {
    "model": "auth.user",
    "pk": 464,
    "fields": {
      "username": "3179817811",
      "password": "3179817811",
      "email": "vru@vru.ac.ir"
    }
  },
  {
    "model": "auth.user",
    "pk": 465,
    "fields": {
      "username": "3052172077",
      "password": "3052172077",
      "email": "vru@vru.ac.ir"
    }
  },
  {
    "model": "auth.user",
    "pk": 466,
    "fields": {
      "username": "3052151355",
      "password": "3052151355",
      "email": "vru@vru.ac.ir"
    }
  },
  {
    "model": "auth.user",
    "pk": 467,
    "fields": {
      "username": "2993914626",
      "password": "2993914626",
      "email": "vru@vru.ac.ir"
    }
  },
  {
    "model": "auth.user",
    "pk": 468,
    "fields": {
      "username": "3051203033",
      "password": "3051203033",
      "email": "vru@vru.ac.ir"
    }
  },
  {
    "model": "auth.user",
    "pk": 469,
    "fields": {
      "username": "2992942715",
      "password": "2992942715",
      "email": "vru@vru.ac.ir"
    }
  },
  {
    "model": "auth.user",
    "pk": 470,
    "fields": {
      "username": "3149760844",
      "password": "3149760844",
      "email": "vru@vru.ac.ir"
    }
  },
  {
    "model": "auth.user",
    "pk": 471,
    "fields": {
      "username": "2539181971",
      "password": "2539181971",
      "email": "vru@vru.ac.ir"
    }
  },
  {
    "model": "auth.user",
    "pk": 472,
    "fields": {
      "username": "5439939326",
      "password": "5439939326",
      "email": "vru@vru.ac.ir"
    }
  },
  {
    "model": "auth.user",
    "pk": 473,
    "fields": {
      "username": "4231717095",
      "password": "4231717095",
      "email": "vru@vru.ac.ir"
    }
  },
  {
    "model": "auth.user",
    "pk": 474,
    "fields": {
      "username": "2431371697",
      "password": "2431371697",
      "email": "vru@vru.ac.ir"
    }
  },
  {
    "model": "auth.user",
    "pk": 475,
    "fields": {
      "username": "2452182532",
      "password": "2452182532",
      "email": "vru@vru.ac.ir"
    }
  },
  {
    "model": "auth.user",
    "pk": 476,
    "fields": {
      "username": "3052028030",
      "password": "3052028030",
      "email": "vru@vru.ac.ir"
    }
  },
  {
    "model": "auth.user",
    "pk": 477,
    "fields": {
      "username": "2297802961",
      "password": "2297802961",
      "email": "vru@vru.ac.ir"
    }
  },
  {
    "model": "auth.user",
    "pk": 478,
    "fields": {
      "username": "3051195731",
      "password": "3051195731",
      "email": "vru@vru.ac.ir"
    }
  },
  {
    "model": "auth.user",
    "pk": 479,
    "fields": {
      "username": "5359976675",
      "password": "5359976675",
      "email": "vru@vru.ac.ir"
    }
  },
  {
    "model": "auth.user",
    "pk": 480,
    "fields": {
      "username": "3149086604",
      "password": "3149086604",
      "email": "vru@vru.ac.ir"
    }
  },
  {
    "model": "auth.user",
    "pk": 481,
    "fields": {
      "username": "3149891973",
      "password": "3149891973",
      "email": "vru@vru.ac.ir"
    }
  },
  {
    "model": "auth.user",
    "pk": 482,
    "fields": {
      "username": "2992940925",
      "password": "2992940925",
      "email": "vru@vru.ac.ir"
    }
  },
  {
    "model": "auth.user",
    "pk": 483,
    "fields": {
      "username": "1287919618",
      "password": "1287919618",
      "email": "vru@vru.ac.ir"
    }
  },
  {
    "model": "auth.user",
    "pk": 484,
    "fields": {
      "username": "5429906476",
      "password": "5429906476",
      "email": "vru@vru.ac.ir"
    }
  },
  {
    "model": "auth.user",
    "pk": 485,
    "fields": {
      "username": "3051234151",
      "password": "3051234151",
      "email": "vru@vru.ac.ir"
    }
  },
  {
    "model": "auth.user",
    "pk": 486,
    "fields": {
      "username": "57321493",
      "password": "57321493",
      "email": "vru@vru.ac.ir"
    }
  },
  {
    "model": "auth.user",
    "pk": 487,
    "fields": {
      "username": "3051292141",
      "password": "3051292141",
      "email": "vru@vru.ac.ir"
    }
  },
  {
    "model": "auth.user",
    "pk": 488,
    "fields": {
      "username": "2991513322",
      "password": "2991513322",
      "email": "vru@vru.ac.ir"
    }
  },
  {
    "model": "auth.user",
    "pk": 489,
    "fields": {
      "username": "2992291196",
      "password": "2992291196",
      "email": "vru@vru.ac.ir"
    }
  },
  {
    "model": "auth.user",
    "pk": 490,
    "fields": {
      "username": "3051367801",
      "password": "3051367801",
      "email": "vru@vru.ac.ir"
    }
  },
  {
    "model": "auth.user",
    "pk": 491,
    "fields": {
      "username": "3051355143",
      "password": "3051355143",
      "email": "vru@vru.ac.ir"
    }
  },
  {
    "model": "auth.user",
    "pk": 492,
    "fields": {
      "username": "3051299855",
      "password": "3051299855",
      "email": "vru@vru.ac.ir"
    }
  },
  {
    "model": "auth.user",
    "pk": 493,
    "fields": {
      "username": "3052186469",
      "password": "3052186469",
      "email": "vru@vru.ac.ir"
    }
  },
  {
    "model": "auth.user",
    "pk": 494,
    "fields": {
      "username": "3189852685",
      "password": "3189852685",
      "email": "vru@vru.ac.ir"
    }
  },
  {
    "model": "auth.user",
    "pk": 495,
    "fields": {
      "username": "3071669739",
      "password": "3071669739",
      "email": "vru@vru.ac.ir"
    }
  },
  {
    "model": "auth.user",
    "pk": 496,
    "fields": {
      "username": "2992671509",
      "password": "2992671509",
      "email": "vru@vru.ac.ir"
    }
  },
  {
    "model": "auth.user",
    "pk": 497,
    "fields": {
      "username": "3051253367",
      "password": "3051253367",
      "email": "vru@vru.ac.ir"
    }
  },
  {
    "model": "auth.user",
    "pk": 498,
    "fields": {
      "username": "3621299051",
      "password": "3621299051",
      "email": "vru@vru.ac.ir"
    }
  },
  {
    "model": "auth.user",
    "pk": 499,
    "fields": {
      "username": "79704484",
      "password": "79704484",
      "email": "vru@vru.ac.ir"
    }
  },
  {
    "model": "auth.user",
    "pk": 500,
    "fields": {
      "username": "3051141070",
      "password": "3051141070",
      "email": "vru@vru.ac.ir"
    }
  },
  {
    "model": "auth.user",
    "pk": 501,
    "fields": {
      "username": "1209828065",
      "password": "1209828065",
      "email": "vru@vru.ac.ir"
    }
  },
  {
    "model": "auth.user",
    "pk": 502,
    "fields": {
      "username": "3031294181",
      "password": "3031294181",
      "email": "vru@vru.ac.ir"
    }
  },
  {
    "model": "auth.user",
    "pk": 503,
    "fields": {
      "username": "4829944749",
      "password": "4829944749",
      "email": "vru@vru.ac.ir"
    }
  },
  {
    "model": "auth.user",
    "pk": 504,
    "fields": {
      "username": "4829772311",
      "password": "4829772311",
      "email": "vru@vru.ac.ir"
    }
  },
  {
    "model": "auth.user",
    "pk": 505,
    "fields": {
      "username": "3050133309",
      "password": "3050133309",
      "email": "vru@vru.ac.ir"
    }
  },
  {
    "model": "auth.user",
    "pk": 506,
    "fields": {
      "username": "3050856084",
      "password": "3050856084",
      "email": "vru@vru.ac.ir"
    }
  },
  {
    "model": "auth.user",
    "pk": 507,
    "fields": {
      "username": "2990391967",
      "password": "2990391967",
      "email": "vru@vru.ac.ir"
    }
  },
  {
    "model": "auth.user",
    "pk": 508,
    "fields": {
      "username": "2993934570",
      "password": "2993934570",
      "email": "vru@vru.ac.ir"
    }
  },
  {
    "model": "auth.user",
    "pk": 509,
    "fields": {
      "username": "943537657",
      "password": "943537657",
      "email": "vru@vru.ac.ir"
    }
  },
  {
    "model": "auth.user",
    "pk": 510,
    "fields": {
      "username": "2992718122",
      "password": "2992718122",
      "email": "vru@vru.ac.ir"
    }
  },
  {
    "model": "auth.user",
    "pk": 511,
    "fields": {
      "username": "2992883301",
      "password": "2992883301",
      "email": "vru@vru.ac.ir"
    }
  },
  {
    "model": "auth.user",
    "pk": 512,
    "fields": {
      "username": "basij",
      "password": "basij",
      "email": "vru@vru.ac.ir"
    }
  },
  {
    "model": "auth.user",
    "pk": 513,
    "fields": {
      "username": "3052135041",
      "password": "3052135041",
      "email": "vru@vru.ac.ir"
    }
  },
  {
    "model": "auth.user",
    "pk": 514,
    "fields": {
      "username": "3051373095",
      "password": "3051373095",
      "email": "vru@vru.ac.ir"
    }
  },
  {
    "model": "auth.user",
    "pk": 515,
    "fields": {
      "username": "3178796312",
      "password": "3178796312",
      "email": "vru@vru.ac.ir"
    }
  },
  {
    "model": "auth.user",
    "pk": 516,
    "fields": {
      "username": "3179010207",
      "password": "3179010207",
      "email": "vru@vru.ac.ir"
    }
  },
  {
    "model": "auth.user",
    "pk": 517,
    "fields": {
      "username": "2990648836",
      "password": "2990648836",
      "email": "vru@vru.ac.ir"
    }
  },
  {
    "model": "auth.user",
    "pk": 518,
    "fields": {
      "username": "2993531174",
      "password": "2993531174",
      "email": "vru@vru.ac.ir"
    }
  },
  {
    "model": "auth.user",
    "pk": 519,
    "fields": {
      "username": "4449670841",
      "password": "4449670841",
      "email": "vru@vru.ac.ir"
    }
  },
  {
    "model": "auth.user",
    "pk": 520,
    "fields": {
      "username": "3051261890",
      "password": "3051261890",
      "email": "vru@vru.ac.ir"
    }
  },
  {
    "model": "auth.user",
    "pk": 521,
    "fields": {
      "username": "35271094",
      "password": "35271094",
      "email": "vru@vru.ac.ir"
    }
  },
  {
    "model": "auth.user",
    "pk": 522,
    "fields": {
      "username": "3051160709",
      "password": "3051160709",
      "email": "vru@vru.ac.ir"
    }
  },
  {
    "model": "auth.user",
    "pk": 523,
    "fields": {
      "username": "3051300233",
      "password": "3051300233",
      "email": "vru@vru.ac.ir"
    }
  },
  {
    "model": "auth.user",
    "pk": 524,
    "fields": {
      "username": "3050397659",
      "password": "3050397659",
      "email": "vru@vru.ac.ir"
    }
  },
  {
    "model": "auth.user",
    "pk": 525,
    "fields": {
      "username": "3051237507",
      "password": "3051237507",
      "email": "vru@vru.ac.ir"
    }
  },
  {
    "model": "auth.user",
    "pk": 526,
    "fields": {
      "username": "3051777110",
      "password": "3051777110",
      "email": "vru@vru.ac.ir"
    }
  },
  {
    "model": "auth.user",
    "pk": 527,
    "fields": {
      "username": "2992202215",
      "password": "2992202215",
      "email": "vru@vru.ac.ir"
    }
  },
  {
    "model": "auth.user",
    "pk": 528,
    "fields": {
      "username": "3051350737",
      "password": "3051350737",
      "email": "vru@vru.ac.ir"
    }
  },
  {
    "model": "auth.user",
    "pk": 529,
    "fields": {
      "username": "mosavab",
      "password": "mosavab",
      "email": "vru@vru.ac.ir"
    }
  },
  {
    "model": "auth.user",
    "pk": 530,
    "fields": {
      "username": "2142151000",
      "password": "2142151000",
      "email": "vru@vru.ac.ir"
    }
  },
  {
    "model": "auth.user",
    "pk": 531,
    "fields": {
      "username": "3051348368",
      "password": "3051348368",
      "email": "vru@vru.ac.ir"
    }
  },
  {
    "model": "auth.user",
    "pk": 532,
    "fields": {
      "username": "2991620668",
      "password": "2991620668",
      "email": "vru@vru.ac.ir"
    }
  },
  {
    "model": "auth.user",
    "pk": 533,
    "fields": {
      "username": "3050189894",
      "password": "3050189894",
      "email": "vru@vru.ac.ir"
    }
  }
]